player_uid,season,league,team_id,name_full,war,wraa,raa_def,raa_bsr,standard_scale
milb_tmp:carlos_perez:2024,2024,MiLB,OAK,Carlos Perez,,9.136305618711432,,,milb_std
milb_tmp:elliot_soto:2024,2024,MiLB,LAA,Elliot Soto,,-24.809957956578334,,,milb_std
milb_tmp:jake_lamb:2024,2024,MiLB,PIT,Jake Lamb,,-2.8043120849325462,,,milb_std
milb_tmp:erik_gonzalez:2024,2024,MiLB,CIN,Erik Gonzalez,,-22.849172107479983,,,milb_std
milb_tmp:jack_lopez:2024,2024,MiLB,LAA,Jack Lopez,,-7.831741643032149,,,milb_std
milb_tmp:albert_almora_jr.:2024,2024,MiLB,ARI,Albert Almora Jr.,,-2.5805150558420613,,,milb_std
milb_tmp:andrew_velazquez:2024,2024,MiLB,ATL,Andrew Velazquez,,-14.205443128127676,,,milb_std
milb_tmp:jamie_westbrook:2024,2024,MiLB,BOS,Jamie Westbrook,,8.497102098491558,,,milb_std
milb_tmp:mark_payton:2024,2024,MiLB,CHW,Mark Payton,,14.072277644635731,,,milb_std
milb_tmp:sergio_alcantara:2024,2024,MiLB,ARI,Sergio Alcantara,,6.227351481373378,,,milb_std
milb_tmp:jason_vosler:2024,2024,MiLB,SEA,Jason Vosler,,22.27386212697037,,,milb_std
milb_tmp:eddy_alvarez:2024,2024,MiLB,BOS,Eddy Alvarez,,6.562525449583463,,,milb_std
milb_tmp:michael_chavis:2024,2024,MiLB,SEA,Michael Chavis,,-2.3146728112006696,,,milb_std
milb_tmp:myles_straw:2024,2024,MiLB,CLE,Myles Straw,,-18.31385929882052,,,milb_std
milb_tmp:josh_lester:2024,2024,MiLB,KCR,Josh Lester,,8.840362774787371,,,milb_std
milb_tmp:scott_kingery:2024,2024,MiLB,PHI,Scott Kingery,,2.3766410798298585,,,milb_std
milb_tmp:hoy_park:2024,2024,MiLB,OAK,Hoy Park,,-0.6553935057259757,,,milb_std
milb_tmp:kyle_garlick:2024,2024,MiLB,ARI,Kyle Garlick,,-9.472055397489395,,,milb_std
milb_tmp:brett_sullivan:2024,2024,MiLB,SDP,Brett Sullivan,,2.5278995345045985,,,milb_std
milb_tmp:edwin_rios:2024,2024,MiLB,CIN,Edwin Rios,,21.871221180398237,,,milb_std
milb_tmp:travis_blankenhorn:2024,2024,MiLB,WSN,Travis Blankenhorn,,4.7001644788287305,,,milb_std
milb_tmp:p.j._higgins:2024,2024,MiLB,CIN,P.J. Higgins,,-12.434665477637669,,,milb_std
milb_tmp:brendon_davis:2024,2024,MiLB,LAD,Brendon Davis,,2.682785201497597,,,milb_std
milb_tmp:trenton_brooks:2024,2024,MiLB,SFG,Trenton Brooks,,12.668788422094751,,,milb_std
milb_tmp:cooper_hummel:2024,2024,MiLB,HOU,Cooper Hummel,,16.162827353862394,,,milb_std
milb_tmp:nate_mondou:2024,2024,MiLB,SDP,Nate Mondou,,-2.307797242882062,,,milb_std
milb_tmp:daniel_johnson:2024,2024,MiLB,BAL,Daniel Johnson,,-2.325942876738182,,,milb_std
milb_tmp:mike_brosseau:2024,2024,MiLB,NYM,Mike Brosseau,,2.52903752485542,,,milb_std
milb_tmp:darick_hall:2024,2024,MiLB,PHI,Darick Hall,,-10.417149212930926,,,milb_std
milb_tmp:carlos_narvaez:2024,2024,MiLB,NYY,Carlos Narvaez,,4.440875119955711,,,milb_std
milb_tmp:rylan_bannon:2024,2024,MiLB,NYM,Rylan Bannon,,5.306175614347476,,,milb_std
milb_tmp:charles_leblanc:2024,2024,MiLB,LAA,Charles Leblanc,,4.613863611980806,,,milb_std
milb_tmp:tristan_gray:2024,2024,MiLB,MIA,Tristan Gray,,-0.0702683303569555,,,milb_std
milb_tmp:diego_castillo:2024,2024,MiLB,MIN,Diego Castillo,,1.9967707672084911,,,milb_std
milb_tmp:sandro_fabian:2024,2024,MiLB,TEX,Sandro Fabian,,-0.5547006252235365,,,milb_std
milb_tmp:taylor_trammell:2024,2024,MiLB,NYY,Taylor Trammell,,14.979650934580498,,,milb_std
milb_tmp:eguy_rosario:2024,2024,MiLB,SDP,Eguy Rosario,,10.765138347854649,,,milb_std
milb_tmp:bobby_dalbec:2024,2024,MiLB,BOS,Bobby Dalbec,,5.2355516711066965,,,milb_std
milb_tmp:bligh_madris:2024,2024,MiLB,DET,Bligh Madris,,-1.3789833512154688,,,milb_std
milb_tmp:j.c._escarra:2024,2024,MiLB,NYY,J.C. Escarra,,12.173525115774096,,,milb_std
milb_tmp:matthew_batten:2024,2024,MiLB,SDP,Matthew Batten,,-19.01584922786693,,,milb_std
milb_tmp:brewer_hicklen:2024,2024,MiLB,MIL,Brewer Hicklen,,10.566090764712726,,,milb_std
milb_tmp:seth_beer:2024,2024,MiLB,PIT,Seth Beer,,8.391549343687986,,,milb_std
milb_tmp:drew_waters:2024,2024,MiLB,KCR,Drew Waters,,16.464849490019184,,,milb_std
milb_tmp:cj_alexander:2024,2024,MiLB,KCR,CJ Alexander,,18.56262916987037,,,milb_std
milb_tmp:carlos_perez:2024,2024,MiLB,CHW,Carlos Perez,,-5.459214900329292,,,milb_std
milb_tmp:dermis_garcia:2024,2024,MiLB,WSN,Dermis Garcia,,-11.86682860288903,,,milb_std
milb_tmp:alejo_lopez:2024,2024,MiLB,ATL,Alejo Lopez,,8.75520130650722,,,milb_std
milb_tmp:luken_baker:2024,2024,MiLB,STL,Luken Baker,,12.74015315332366,,,milb_std
milb_tmp:griffin_conine:2024,2024,MiLB,MIA,Griffin Conine,,8.064855577690262,,,milb_std
milb_tmp:andres_chaparro:2024,2024,MiLB,WSN,Andres Chaparro,,27.81211164468137,,,milb_std
milb_tmp:nick_pratto:2024,2024,MiLB,KCR,Nick Pratto,,-5.9001185048453175,,,milb_std
milb_tmp:ryan_vilade:2024,2024,MiLB,DET,Ryan Vilade,,2.9344141631204748,,,milb_std
milb_tmp:cal_mitchell:2024,2024,MiLB,SDP,Cal Mitchell,,9.286374069823374,,,milb_std
milb_tmp:sam_huff:2024,2024,MiLB,TEX,Sam Huff,,-14.536265705575843,,,milb_std
milb_tmp:mason_mccoy:2024,2024,MiLB,SDP,Mason McCoy,,-12.787547463131192,,,milb_std
milb_tmp:jeremiah_jackson:2024,2024,MiLB,NYM,Jeremiah Jackson,,-14.787644519098269,,,milb_std
milb_tmp:samad_taylor:2024,2024,MiLB,SEA,Samad Taylor,,-10.603583536296297,,,milb_std
milb_tmp:cal_stevenson:2024,2024,MiLB,PHI,Cal Stevenson,,21.117901179271183,,,milb_std
milb_tmp:buddy_kennedy:2024,2024,MiLB,PHI,Buddy Kennedy,,11.536889918217906,,,milb_std
milb_tmp:johnathan_rodriguez:2024,2024,MiLB,CLE,Johnathan Rodriguez,,27.382957043165074,,,milb_std
milb_tmp:tirso_ornelas:2024,2024,MiLB,SDP,Tirso Ornelas,,10.407198363545897,,,milb_std
milb_tmp:jordan_diaz:2024,2024,MiLB,OAK,Jordan Diaz,,12.072182443392578,,,milb_std
milb_tmp:gustavo_campero:2024,2024,MiLB,LAA,Gustavo Campero,,25.63003392636548,,,milb_std
milb_tmp:oswald_peraza:2024,2024,MiLB,NYY,Oswald Peraza,,-0.8737930723422412,,,milb_std
milb_tmp:ryan_noda:2024,2024,MiLB,OAK,Ryan Noda,,13.718639304174838,,,milb_std
milb_tmp:eric_wagaman:2024,2024,MiLB,LAA,Eric Wagaman,,16.327746123716956,,,milb_std
milb_tmp:jose_tena:2024,2024,MiLB,CLE,Jose Tena,,7.588317236074596,,,milb_std
milb_tmp:jordyn_adams:2024,2024,MiLB,LAA,Jordyn Adams,,-14.834774305116651,,,milb_std
milb_tmp:anthony_seigler:2024,2024,MiLB,NYY,Anthony Seigler,,9.374120589669728,,,milb_std
milb_tmp:jorbit_vivas:2024,2024,MiLB,NYY,Jorbit Vivas,,-4.7414273493496015,,,milb_std
milb_tmp:curtis_mead:2024,2024,MiLB,TBR,Curtis Mead,,9.2826515015358,,,milb_std
milb_tmp:liover_peguero:2024,2024,MiLB,PIT,Liover Peguero,,-8.961081582498867,,,milb_std
milb_tmp:j.p._martinez:2024,2024,MiLB,ATL,J.P. Martinez,,-9.58515988696143,,,milb_std
milb_tmp:dashawn_keirsey_jr.:2024,2024,MiLB,MIN,DaShawn Keirsey Jr.,,12.770743277991553,,,milb_std
milb_tmp:ryan_fitzgerald:2024,2024,MiLB,KCR,Ryan Fitzgerald,,-1.6085338122662842,,,milb_std
milb_tmp:david_villar:2024,2024,MiLB,SFG,David Villar,,1.1146052523293737,,,milb_std
milb_tmp:heriberto_hernandez:2024,2024,MiLB,TBR,Heriberto Hernandez,,15.09703320351531,,,milb_std
milb_tmp:justin_dean:2024,2024,MiLB,ATL,Justin Dean,,-1.7667371880468423,,,milb_std
milb_tmp:vinny_capra:2024,2024,MiLB,MIL,Vinny Capra,,-3.871788680530072,,,milb_std
milb_tmp:nate_eaton:2024,2024,MiLB,KCR,Nate Eaton,,-7.901390919480183,,,milb_std
milb_tmp:drew_avans:2024,2024,MiLB,LAD,Drew Avans,,-3.684644207561445,,,milb_std
milb_tmp:ronny_simon:2024,2024,MiLB,TBR,Ronny Simon,,4.452148685657488,,,milb_std
milb_tmp:will_wilson:2024,2024,MiLB,SFG,Will Wilson,,-17.23328876944919,,,milb_std
milb_tmp:greg_jones:2024,2024,MiLB,COL,Greg Jones,,-0.9793417655668004,,,milb_std
milb_tmp:will_robertson:2024,2024,MiLB,TOR,Will Robertson,,-4.916902927834899,,,milb_std
milb_tmp:isaac_collins:2024,2024,MiLB,MIL,Isaac Collins,,16.99595647977268,,,milb_std
milb_tmp:nick_sogard:2024,2024,MiLB,BOS,Nick Sogard,,12.692827800166526,,,milb_std
milb_tmp:cade_marlowe:2024,2024,MiLB,SEA,Cade Marlowe,,-9.325222357540405,,,milb_std
milb_tmp:cody_freeman:2024,2024,MiLB,TEX,Cody Freeman,,5.86829217793716,,,milb_std
milb_tmp:cam_devanney:2024,2024,MiLB,KCR,Cam Devanney,,1.6251509895366731,,,milb_std
milb_tmp:grant_mccray:2024,2024,MiLB,SFG,Grant McCray,,3.406304153733496,,,milb_std
milb_tmp:dustin_harris:2024,2024,MiLB,TEX,Dustin Harris,,-8.284078020748552,,,milb_std
milb_tmp:blaine_crim:2024,2024,MiLB,TEX,Blaine Crim,,9.183838561040078,,,milb_std
milb_tmp:tyler_tolbert:2024,2024,MiLB,KCR,Tyler Tolbert,,-10.172750215271495,,,milb_std
milb_tmp:blake_sabol:2024,2024,MiLB,SFG,Blake Sabol,,-8.525012044836416,,,milb_std
milb_tmp:andre_lipcius:2024,2024,MiLB,LAD,Andre Lipcius,,0.9104508974405592,,,milb_std
milb_tmp:matt_gorski:2024,2024,MiLB,PIT,Matt Gorski,,6.009797637485317,,,milb_std
milb_tmp:kevin_alcantara:2024,2024,MiLB,CHC,Kevin Alcantara,,13.227229828449516,,,milb_std
milb_tmp:troy_johnston:2024,2024,MiLB,MIA,Troy Johnston,,-0.5019501557070389,,,milb_std
milb_tmp:tristin_english:2024,2024,MiLB,ARI,Tristin English,,-9.735730099244767,,,milb_std
milb_tmp:jake_mangum:2024,2024,MiLB,TBR,Jake Mangum,,5.21393013895263,,,milb_std
milb_tmp:john_rave:2024,2024,MiLB,KCR,John Rave,,8.215759675237338,,,milb_std
milb_tmp:kameron_misner:2024,2024,MiLB,TBR,Kameron Misner,,7.443340286527425,,,milb_std
milb_tmp:warming_bernabel:2024,2024,MiLB,COL,Warming Bernabel,,-7.187752000133155,,,milb_std
milb_tmp:agustin_ramirez:2024,2024,MiLB,MIA,Agustin Ramirez,,19.449132307511256,,,milb_std
milb_tmp:luisangel_acuna:2024,2024,MiLB,NYM,Luisangel Acuna,,-24.218212518517625,,,milb_std
milb_tmp:jonatan_clase:2024,2024,MiLB,SEA,Jonatan Clase,,-1.448443945283123,,,milb_std
milb_tmp:zach_deloach:2024,2024,MiLB,CHW,Zach DeLoach,,5.309776215571611,,,milb_std
milb_tmp:rece_hinds:2024,2024,MiLB,CIN,Rece Hinds,,-17.986582967607177,,,milb_std
milb_tmp:owen_caissie:2024,2024,MiLB,CHC,Owen Caissie,,15.540428826794518,,,milb_std
milb_tmp:nick_yorke:2024,2024,MiLB,PIT,Nick Yorke,,19.793332913457174,,,milb_std
milb_tmp:gage_workman:2024,2024,MiLB,DET,Gage Workman,,26.10615956092257,,,milb_std
milb_tmp:pedro_leon:2024,2024,MiLB,HOU,Pedro Leon,,14.736485406718304,,,milb_std
milb_tmp:tyler_gentry:2024,2024,MiLB,KCR,Tyler Gentry,,-0.4065970545004953,,,milb_std
milb_tmp:shay_whitcomb:2024,2024,MiLB,HOU,Shay Whitcomb,,16.25648658346782,,,milb_std
milb_tmp:thomas_saggese:2024,2024,MiLB,STL,Thomas Saggese,,-5.207397583057251,,,milb_std
milb_tmp:alejandro_osuna:2024,2024,MiLB,TEX,Alejandro Osuna,,24.12106268746395,,,milb_std
milb_tmp:petey_halpin:2024,2024,MiLB,CLE,Petey Halpin,,2.205251458622354,,,milb_std
milb_tmp:adael_amador:2024,2024,MiLB,COL,Adael Amador,,6.093744091420756,,,milb_std
milb_tmp:maximo_acosta:2024,2024,MiLB,TEX,Maximo Acosta,,10.141471866823018,,,milb_std
milb_tmp:edgar_quero:2024,2024,MiLB,CHW,Edgar Quero,,17.649849223151286,,,milb_std
milb_tmp:jhostynxon_garcia:2024,2024,MiLB,BOS,Jhostynxon Garcia,,28.52452925497326,,,milb_std
milb_tmp:javier_sanoja:2024,2024,MiLB,MIA,Javier Sanoja,,1.5316429309391115,,,milb_std
milb_tmp:coby_mayo:2024,2024,MiLB,BAL,Coby Mayo,,23.970362239927116,,,milb_std
milb_tmp:tsung-che_cheng:2024,2024,MiLB,PIT,Tsung-Che Cheng,,-0.3403259615791967,,,milb_std
milb_tmp:yanquiel_fernandez:2024,2024,MiLB,COL,Yanquiel Fernandez,,-2.9907915451982845,,,milb_std
milb_tmp:denzer_guzman:2024,2024,MiLB,LAA,Denzer Guzman,,-7.032576062227162,,,milb_std
milb_tmp:moises_ballesteros:2024,2024,MiLB,CHC,Moises Ballesteros,,15.377249044286804,,,milb_std
milb_tmp:samuel_basallo:2024,2024,MiLB,BAL,Samuel Basallo,,13.20881411320694,,,milb_std
milb_tmp:carter_jensen:2024,2024,MiLB,KCR,Carter Jensen,,18.918843874425576,,,milb_std
milb_tmp:blake_dunn:2024,2024,MiLB,CIN,Blake Dunn,,-8.197323532367367,,,milb_std
milb_tmp:bryce_teodosio:2024,2024,MiLB,LAA,Bryce Teodosio,,-7.423676644892982,,,milb_std
milb_tmp:ryan_bliss:2024,2024,MiLB,SEA,Ryan Bliss,,6.502478102773031,,,milb_std
milb_tmp:adrian_del_castillo:2024,2024,MiLB,ARI,Adrian Del Castillo,,30.130138774337716,,,milb_std
milb_tmp:tim_tawa:2024,2024,MiLB,ARI,Tim Tawa,,25.671911383378983,,,milb_std
milb_tmp:billy_cook:2024,2024,MiLB,BAL,Billy Cook,,15.685475051203069,,,milb_std
milb_tmp:trey_sweeney:2024,2024,MiLB,DET,Trey Sweeney,,-1.8835809965975847,,,milb_std
milb_tmp:connor_norby:2024,2024,MiLB,MIA,Connor Norby,,17.019391128357004,,,milb_std
milb_tmp:chad_stevens:2024,2024,MiLB,LAA,Chad Stevens,,5.07337735619648,,,milb_std
milb_tmp:caleb_durbin:2024,2024,MiLB,NYY,Caleb Durbin,,13.068637653538024,,,milb_std
milb_tmp:braxton_fulford:2024,2024,MiLB,COL,Braxton Fulford,,7.994002598049675,,,milb_std
milb_tmp:colson_montgomery:2024,2024,MiLB,CHW,Colson Montgomery,,-9.28809002271024,,,milb_std
milb_tmp:jack_winkler:2024,2024,MiLB,OAK,Jack Winkler,,-7.989146162319449,,,milb_std
milb_tmp:liam_hicks:2024,2024,MiLB,DET,Liam Hicks,,9.725571707766475,,,milb_std
milb_tmp:denzel_clarke:2024,2024,MiLB,OAK,Denzel Clarke,,11.74426110250531,,,milb_std
milb_tmp:darren_baker:2024,2024,MiLB,WSN,Darren Baker,,-9.968581062332404,,,milb_std
milb_tmp:tyler_black:2024,2024,MiLB,MIL,Tyler Black,,8.42822090273244,,,milb_std
milb_tmp:harry_ford:2024,2024,MiLB,SEA,Harry Ford,,11.767986363996378,,,milb_std
milb_tmp:brady_house:2024,2024,MiLB,WSN,Brady House,,-6.904814244784821,,,milb_std
milb_tmp:daylen_lile:2024,2024,MiLB,WSN,Daylen Lile,,8.622931061227664,,,milb_std
milb_tmp:bob_seymour:2024,2024,MiLB,TBR,Bob Seymour,,24.340655279476188,,,milb_std
milb_tmp:carson_williams:2024,2024,MiLB,TBR,Carson Williams,,23.399050365121205,,,milb_std
milb_tmp:tristan_peters:2024,2024,MiLB,TBR,Tristan Peters,,-2.09517368268706,,,milb_std
milb_tmp:oscar_colas:2024,2024,MiLB,CHW,Oscar Colas,,-6.817793778631875,,,milb_std
milb_tmp:cesar_prieto:2024,2024,MiLB,STL,Cesar Prieto,,-3.233644442989571,,,milb_std
milb_tmp:nathan_church:2024,2024,MiLB,STL,Nathan Church,,-0.203267284793681,,,milb_std
milb_tmp:graham_pauley:2024,2024,MiLB,SDP,Graham Pauley,,-4.918124678985911,,,milb_std
milb_tmp:jakob_marsee:2024,2024,MiLB,MIA,Jakob Marsee,,0.466651296766372,,,milb_std
milb_tmp:dalton_rushing:2024,2024,MiLB,LAD,Dalton Rushing,,26.56314966569417,,,milb_std
milb_tmp:tyler_locklear:2024,2024,MiLB,SEA,Tyler Locklear,,15.141076135589516,,,milb_std
milb_tmp:jace_jung:2024,2024,MiLB,DET,Jace Jung,,12.25085773096912,,,milb_std
milb_tmp:ryan_ritter:2024,2024,MiLB,COL,Ryan Ritter,,11.46277105444309,,,milb_std
milb_tmp:tim_elko:2024,2024,MiLB,CHW,Tim Elko,,15.1340850376505,,,milb_std
milb_tmp:drake_baldwin:2024,2024,MiLB,ATL,Drake Baldwin,,14.578675465437437,,,milb_std
milb_tmp:alan_roden:2024,2024,MiLB,TOR,Alan Roden,,24.574665037111107,,,milb_std
milb_tmp:chase_meidroth:2024,2024,MiLB,BOS,Chase Meidroth,,23.975215799740635,,,milb_std
milb_tmp:jacob_melton:2024,2024,MiLB,HOU,Jacob Melton,,-3.7897522641545183,,,milb_std
milb_tmp:alex_freeland:2024,2024,MiLB,LAD,Alex Freeland,,22.8025455126714,,,milb_std
milb_tmp:cole_young:2024,2024,MiLB,SEA,Cole Young,,12.540988535891564,,,milb_std
milb_tmp:dylan_beavers:2024,2024,MiLB,BAL,Dylan Beavers,,9.918184784430853,,,milb_std
milb_tmp:nacho_alvarez_jr.:2024,2024,MiLB,ATL,Nacho Alvarez Jr.,,14.58618408468453,,,milb_std
milb_tmp:otto_kemp:2024,2024,MiLB,PHI,Otto Kemp,,31.2950858977026,,,milb_std
milb_tmp:rhylan_thomas:2024,2024,MiLB,NYM,Rhylan Thomas,,-7.27870193530603,,,milb_std
milb_tmp:roman_anthony:2024,2024,MiLB,BOS,Roman Anthony,,32.59987780410894,,,milb_std
milb_tmp:colby_thomas:2024,2024,MiLB,OAK,Colby Thomas,,23.03586847908059,,,milb_std
milb_tmp:chandler_simpson:2024,2024,MiLB,TBR,Chandler Simpson,,23.239956043024037,,,milb_std
milb_tmp:rafael_flores:2024,2024,MiLB,NYY,Rafael Flores,,29.98063273299165,,,milb_std
milb_tmp:carson_mccusker:2024,2024,MiLB,MIN,Carson McCusker,,19.733020309760363,,,milb_std
milb_tmp:ben_williamson:2024,2024,MiLB,SEA,Ben Williamson,,14.222961880204586,,,milb_std
milb_tmp:kyle_karros:2024,2024,MiLB,COL,Kyle Karros,,29.812538174384706,,,milb_std
milb_tmp:luke_keaschall:2024,2024,MiLB,MIN,Luke Keaschall,,32.31165773039333,,,milb_std
milb_tmp:matt_shaw:2024,2024,MiLB,CHC,Matt Shaw,,28.30207759103257,,,milb_std
milb_tmp:bryce_eldridge:2024,2024,MiLB,SFG,Bryce Eldridge,,24.0498672662364,,,milb_std
milb_tmp:dylan_crews:2024,2024,MiLB,WSN,Dylan Crews,,7.9585672949477715,,,milb_std
milb_tmp:kyle_teel:2024,2024,MiLB,BOS,Kyle Teel,,19.82221418782861,,,milb_std
milb_tmp:kristian_campbell:2024,2024,MiLB,BOS,Kristian Campbell,,49.50594150193174,,,milb_std
milb_tmp:c.j._kayfus:2024,2024,MiLB,CLE,C.J. Kayfus,,32.51307119004825,,,milb_std
milb_tmp:trayce_thompson:2024,2024,MiLB,NYM,Trayce Thompson,,-0.8752161011797428,,,milb_std
milb_tmp:anthony_prato:2024,2024,MiLB,MIN,Anthony Prato,,-0.9067189226702016,,,milb_std
milb_tmp:ivan_johnson:2024,2024,MiLB,CIN,Ivan Johnson,,15.73693755992553,,,milb_std
milb_tmp:ryan_ward:2024,2024,MiLB,LAD,Ryan Ward,,6.504931772036217,,,milb_std
milb_tmp:clay_dungan:2024,2024,MiLB,SDP,Clay Dungan,,-1.6653784006727357,,,milb_std
milb_tmp:cody_milligan:2024,2024,MiLB,ATL,Cody Milligan,,-0.8428918513121816,,,milb_std
milb_tmp:matt_lloyd:2024,2024,MiLB,STL,Matt Lloyd,,15.828922227198037,,,milb_std
milb_tmp:robert_perez_jr.:2024,2024,MiLB,SDP,Robert Perez Jr.,,-1.7028947732789406,,,milb_std
milb_tmp:ernesto_martinez_jr.:2024,2024,MiLB,MIL,Ernesto Martinez Jr.,,23.251350879723923,,,milb_std
milb_tmp:yunior_severino:2024,2024,MiLB,MIN,Yunior Severino,,0.900077042139875,,,milb_std
milb_tmp:rafael_lantigua:2024,2024,MiLB,TOR,Rafael Lantigua,,-4.5365590145235055,,,milb_std
milb_tmp:eliezer_alfonzo:2024,2024,MiLB,DET,Eliezer Alfonzo,,-3.5556332670157627,,,milb_std
milb_tmp:jeremy_arocho:2024,2024,MiLB,HOU,Jeremy Arocho,,-10.987617448337096,,,milb_std
milb_tmp:jancarlos_cintron:2024,2024,MiLB,ARI,Jancarlos Cintron,,-19.7058297026039,,,milb_std
milb_tmp:lamar_sparks:2024,2024,MiLB,MIL,Lamar Sparks,,10.38108554728381,,,milb_std
milb_tmp:imanol_vargas:2024,2024,MiLB,LAA,Imanol Vargas,,12.59996845726237,,,milb_std
milb_tmp:jeferson_morales:2024,2024,MiLB,MIN,Jeferson Morales,,15.394892121123672,,,milb_std
milb_tmp:carlos_rodriguez:2024,2024,MiLB,MIL,Carlos Rodriguez,,9.35246630264944,,,milb_std
milb_tmp:keyber_rodriguez:2024,2024,MiLB,TEX,Keyber Rodriguez,,-8.021300295249302,,,milb_std
milb_tmp:alexfri_planez:2024,2024,MiLB,CLE,Alexfri Planez,,-10.262861049666814,,,milb_std
milb_tmp:neyfy_castillo:2024,2024,MiLB,ARI,Neyfy Castillo,,-7.68448296544241,,,milb_std
milb_tmp:rainer_nunez:2024,2024,MiLB,TOR,Rainer Nunez,,10.477873009584211,,,milb_std
milb_tmp:danny_bautista_jr.:2024,2024,MiLB,OAK,Danny Bautista Jr.,,4.743391545408633,,,milb_std
milb_tmp:alberto_rodriguez:2024,2024,MiLB,SEA,Alberto Rodriguez,,-12.56225062982601,,,milb_std
milb_tmp:stanley_consuegra:2024,2024,MiLB,NYM,Stanley Consuegra,,-6.353667796795135,,,milb_std
milb_tmp:brandon_valenzuela:2024,2024,MiLB,SDP,Brandon Valenzuela,,-9.108764950579678,,,milb_std
milb_tmp:junior_perez:2024,2024,MiLB,OAK,Junior Perez,,-4.078989705060932,,,milb_std
milb_tmp:diego_hernandez:2024,2024,MiLB,KCR,Diego Hernandez,,-12.685228428154083,,,milb_std
milb_tmp:dereck_salom:2024,2024,MiLB,OAK,Dereck Salom,,-7.585549299145775,,,milb_std
milb_tmp:bladimir_restituyo:2024,2024,MiLB,COL,Bladimir Restituyo,,-4.753724669444341,,,milb_std
milb_tmp:devin_mann:2024,2024,MiLB,KCR,Devin Mann,,2.9024350522212083,,,milb_std
milb_tmp:kristian_robinson:2024,2024,MiLB,ARI,Kristian Robinson,,0.0933906837956171,,,milb_std
milb_tmp:luis_verdugo:2024,2024,MiLB,CHC,Luis Verdugo,,-3.9055061180197286,,,milb_std
milb_tmp:carlos_de_la_cruz:2024,2024,MiLB,PHI,Carlos De La Cruz,,-8.97930081377801,,,milb_std
milb_tmp:frainyer_chavez:2024,2024,MiLB,TEX,Frainyer Chavez,,-9.509698469131273,,,milb_std
milb_tmp:p.j._hilson:2024,2024,MiLB,PIT,P.J. Hilson,,0.9267325086542124,,,milb_std
milb_tmp:nick_schnell:2024,2024,MiLB,TBR,Nick Schnell,,2.4354238695085053,,,milb_std
milb_tmp:nicholas_northcut:2024,2024,MiLB,CIN,Nicholas Northcut,,1.7594799568653774,,,milb_std
milb_tmp:grant_lavigne:2024,2024,MiLB,COL,Grant Lavigne,,-1.4299459276798494,,,milb_std
milb_tmp:jake_slaughter:2024,2024,MiLB,CHC,Jake Slaughter,,2.5685666498972703,,,milb_std
milb_tmp:malcom_nunez:2024,2024,MiLB,PIT,Malcom Nunez,,-17.48858894753596,,,milb_std
milb_tmp:hunter_stovall:2024,2024,MiLB,COL,Hunter Stovall,,-16.634203553104665,,,milb_std
milb_tmp:jimmy_herron:2024,2024,MiLB,COL,Jimmy Herron,,3.5043267141043173,,,milb_std
milb_tmp:jax_biggers:2024,2024,MiLB,TEX,Jax Biggers,,1.487838448252782,,,milb_std
milb_tmp:omar_martinez:2024,2024,MiLB,NYY,Omar Martinez,,14.617928411573743,,,milb_std
milb_tmp:misael_urbina:2024,2024,MiLB,MIN,Misael Urbina,,-1.3350091684288996,,,milb_std
milb_tmp:jose_de_la_cruz:2024,2024,MiLB,DET,Jose De La Cruz,,3.4089593435650927,,,milb_std
milb_tmp:eduarqui_fernandez:2024,2024,MiLB,MIL,Eduarqui Fernandez,,-12.900614504436238,,,milb_std
milb_tmp:juan_guerrero:2024,2024,MiLB,COL,Juan Guerrero,,5.745788606996168,,,milb_std
milb_tmp:victor_bericoto:2024,2024,MiLB,SFG,Victor Bericoto,,-0.8412221855682321,,,milb_std
milb_tmp:dayan_frias:2024,2024,MiLB,CLE,Dayan Frias,,-10.564968021651811,,,milb_std
milb_tmp:geury_estevez:2024,2024,MiLB,DET,Geury Estevez,,11.552038456200558,,,milb_std
milb_tmp:alex_de_jesus:2024,2024,MiLB,TOR,Alex De Jesus,,2.3860045281012336,,,milb_std
milb_tmp:jose_ramos:2024,2024,MiLB,LAD,Jose Ramos,,-2.3077475218397847,,,milb_std
milb_tmp:gabriel_martinez:2024,2024,MiLB,TOR,Gabriel Martinez,,-13.867677191430564,,,milb_std
milb_tmp:brayan_buelvas:2024,2024,MiLB,OAK,Brayan Buelvas,,12.524071679356515,,,milb_std
milb_tmp:euribiel_angeles:2024,2024,MiLB,OAK,Euribiel Angeles,,-3.166883760963843,,,milb_std
milb_tmp:milkar_perez:2024,2024,MiLB,SEA,Milkar Perez,,10.441666941324373,,,milb_std
milb_tmp:leandro_pineda:2024,2024,MiLB,PHI,Leandro Pineda,,5.669936273384346,,,milb_std
milb_tmp:rodolfo_nolasco:2024,2024,MiLB,PIT,Rodolfo Nolasco,,0.0281723255518855,,,milb_std
milb_tmp:carlos_mendoza:2024,2024,MiLB,DET,Carlos Mendoza,,15.454947003962568,,,milb_std
milb_tmp:felix_stevens:2024,2024,MiLB,CHC,Felix Stevens,,18.243633502037078,,,milb_std
milb_tmp:rubel_cespedes:2024,2024,MiLB,MIN,Rubel Cespedes,,12.572408964901426,,,milb_std
milb_tmp:darlyn_montero:2024,2024,MiLB,OAK,Darlyn Montero,,-9.90371098243004,,,milb_std
milb_tmp:yohendrick_pinango:2024,2024,MiLB,TOR,Yohendrick Pinango,,6.277050248401435,,,milb_std
milb_tmp:juan_brito:2024,2024,MiLB,CLE,Juan Brito,,11.062037693484932,,,milb_std
milb_tmp:luke_ritter:2024,2024,MiLB,NYM,Luke Ritter,,16.624354466024126,,,milb_std
milb_tmp:aaron_bracho:2024,2024,MiLB,CLE,Aaron Bracho,,-7.945945539672797,,,milb_std
milb_tmp:kody_hoese:2024,2024,MiLB,LAD,Kody Hoese,,6.043776096418873,,,milb_std
milb_tmp:nerwilian_cedeno:2024,2024,MiLB,SDP,Nerwilian Cedeno,,-5.218364456465597,,,milb_std
milb_tmp:christian_cairo:2024,2024,MiLB,CLE,Christian Cairo,,-4.244690926319925,,,milb_std
milb_tmp:jack_dunn:2024,2024,MiLB,WSN,Jack Dunn,,-2.742242757250152,,,milb_std
milb_tmp:j.t._arruda:2024,2024,MiLB,WSN,J.T. Arruda,,-11.025537895629222,,,milb_std
milb_tmp:yordys_valdes:2024,2024,MiLB,CLE,Yordys Valdes,,-3.560428898816083,,,milb_std
milb_tmp:dj_gladney:2024,2024,MiLB,CHW,DJ Gladney,,6.468834385973571,,,milb_std
milb_tmp:ripken_reyes:2024,2024,MiLB,SDP,Ripken Reyes,,-2.021396060467573,,,milb_std
milb_tmp:kellen_strahm:2024,2024,MiLB,TEX,Kellen Strahm,,4.171877044985985,,,milb_std
milb_tmp:jake_holton:2024,2024,MiLB,DET,Jake Holton,,19.052838013312947,,,milb_std
milb_tmp:andrew_navigato:2024,2024,MiLB,DET,Andrew Navigato,,14.325827313235916,,,milb_std
milb_tmp:sammy_siani:2024,2024,MiLB,PIT,Sammy Siani,,7.349784414167419,,,milb_std
milb_tmp:stephen_paolini:2024,2024,MiLB,ATL,Stephen Paolini,,-6.600094300688573,,,milb_std
milb_tmp:hudson_head:2024,2024,MiLB,PIT,Hudson Head,,-1.6887116904209354,,,milb_std
milb_tmp:kervin_pichardo:2024,2024,MiLB,PIT,Kervin Pichardo,,-2.117642855830048,,,milb_std
milb_tmp:jase_bowen:2024,2024,MiLB,PIT,Jase Bowen,,-5.005022258957665,,,milb_std
milb_tmp:jeremy_de_la_rosa:2024,2024,MiLB,WSN,Jeremy De La Rosa,,-11.174835333204292,,,milb_std
milb_tmp:darrien_miller:2024,2024,MiLB,MIL,Darrien Miller,,8.665592467288663,,,milb_std
milb_tmp:hunter_bishop:2024,2024,MiLB,SFG,Hunter Bishop,,-15.940090622441224,,,milb_std
milb_tmp:marcus_lee_sang:2024,2024,MiLB,PHI,Marcus Lee Sang,,-1.1228032708282918,,,milb_std
milb_tmp:t.j._schofield-sam:2024,2024,MiLB,OAK,T.J. Schofield-Sam,,-0.2112974575067903,,,milb_std
milb_tmp:jake_snider:2024,2024,MiLB,COL,Jake Snider,,21.0053346102929,,,milb_std
milb_tmp:wuilfredo_antunez:2024,2024,MiLB,CLE,Wuilfredo Antunez,,12.135594161373769,,,milb_std
milb_tmp:dasan_brown:2024,2024,MiLB,TOR,Dasan Brown,,4.6047962344316655,,,milb_std
milb_tmp:erick_brito:2024,2024,MiLB,PHI,Erick Brito,,-5.162969297564517,,,milb_std
milb_tmp:willy_vasquez:2024,2024,MiLB,TBR,Willy Vasquez,,-10.84574284813107,,,milb_std
milb_tmp:trei_cruz:2024,2024,MiLB,DET,Trei Cruz,,6.829179496422742,,,milb_std
milb_tmp:trevor_hauver:2024,2024,MiLB,TEX,Trevor Hauver,,-0.4992639219879146,,,milb_std
milb_tmp:carson_taylor:2024,2024,MiLB,PHI,Carson Taylor,,25.74150466373524,,,milb_std
milb_tmp:anthony_servideo:2024,2024,MiLB,BAL,Anthony Servideo,,-21.28004812259036,,,milb_std
milb_tmp:aaron_sabato:2024,2024,MiLB,MIN,Aaron Sabato,,-6.066245808899503,,,milb_std
milb_tmp:werner_blakely:2024,2024,MiLB,LAA,Werner Blakely,,-9.089954326920497,,,milb_std
milb_tmp:austin_hendrick:2024,2024,MiLB,CIN,Austin Hendrick,,-21.616694731893425,,,milb_std
milb_tmp:a.j._vukovich:2024,2024,MiLB,ARI,A.J. Vukovich,,13.451743623383132,,,milb_std
milb_tmp:blaze_jordan:2024,2024,MiLB,BOS,Blaze Jordan,,-0.7794269117073243,,,milb_std
milb_tmp:ed_howard:2024,2024,MiLB,CHC,Ed Howard,,-17.539560108760263,,,milb_std
milb_tmp:milan_tolentino:2024,2024,MiLB,CLE,Milan Tolentino,,-1.3470560512865282,,,milb_std
milb_tmp:jimmy_glowenke:2024,2024,MiLB,SFG,Jimmy Glowenke,,-8.662676053111086,,,milb_std
milb_tmp:zavier_warren:2024,2024,MiLB,MIL,Zavier Warren,,-1.2212430785113084,,,milb_std
milb_tmp:kevin_made:2024,2024,MiLB,WSN,Kevin Made,,-5.740020108307962,,,milb_std
milb_tmp:roberto_campos:2024,2024,MiLB,DET,Roberto Campos,,11.298943890360926,,,milb_std
milb_tmp:erick_pena:2024,2024,MiLB,KCR,Erick Pena,,-8.967234421550481,,,milb_std
milb_tmp:arol_vera:2024,2024,MiLB,LAA,Arol Vera,,-24.97592445633465,,,milb_std
milb_tmp:adrian_placencia:2024,2024,MiLB,LAA,Adrian Placencia,,10.997714695862008,,,milb_std
milb_tmp:jose_salas:2024,2024,MiLB,MIN,Jose Salas,,-9.275956049231262,,,milb_std
milb_tmp:alex_ramirez:2024,2024,MiLB,NYM,Alex Ramirez,,-16.81326238109514,,,milb_std
milb_tmp:reginald_preciado:2024,2024,MiLB,CHC,Reginald Preciado,,-9.480809271646798,,,milb_std
milb_tmp:jhon_diaz:2024,2024,MiLB,TBR,Jhon Diaz,,-8.109286530226804,,,milb_std
milb_tmp:elijah_dunham:2024,2024,MiLB,NYY,Elijah Dunham,,10.25821372561956,,,milb_std
milb_tmp:matt_koperniak:2024,2024,MiLB,STL,Matt Koperniak,,19.43076990796549,,,milb_std
milb_tmp:bryson_horne:2024,2024,MiLB,ATL,Bryson Horne,,-3.8405543963923754,,,milb_std
milb_tmp:francisco_urbaez:2024,2024,MiLB,CIN,Francisco Urbaez,,10.787288115671345,,,milb_std
milb_tmp:jacob_buchberger:2024,2024,MiLB,STL,Jacob Buchberger,,1.391859452715551,,,milb_std
milb_tmp:jacob_wetzel:2024,2024,MiLB,CHC,Jacob Wetzel,,18.50596302861805,,,milb_std
milb_tmp:victor_labrada:2024,2024,MiLB,SEA,Victor Labrada,,14.137528710344595,,,milb_std
milb_tmp:tt_bowens:2024,2024,MiLB,BAL,TT Bowens,,-5.156187382893544,,,milb_std
milb_tmp:yhoswar_garcia:2024,2024,MiLB,MIL,Yhoswar Garcia,,3.981855557024125,,,milb_std
milb_tmp:ethan_workinger:2024,2024,MiLB,ATL,Ethan Workinger,,7.345035474344886,,,milb_std
milb_tmp:deyvison_de_los_santos:2024,2024,MiLB,ARI,Deyvison De Los Santos,,23.10039135949022,,,milb_std
milb_tmp:junior_franco:2024,2024,MiLB,ARI,Junior Franco,,-1.5004205675069562,,,milb_std
milb_tmp:angel_ortiz:2024,2024,MiLB,ARI,Angel Ortiz,,13.753954136242646,,,milb_std
milb_tmp:yerlin_confidan:2024,2024,MiLB,CIN,Yerlin Confidan,,9.179672987496046,,,milb_std
milb_tmp:wilfred_veras:2024,2024,MiLB,CHW,Wilfred Veras,,10.81934163213042,,,milb_std
milb_tmp:yeiner_fernandez:2024,2024,MiLB,LAD,Yeiner Fernandez,,-2.529866814150696,,,milb_std
milb_tmp:junior_tilien:2024,2024,MiLB,NYM,Junior Tilien,,-8.435352202571979,,,milb_std
milb_tmp:jeremy_rivas:2024,2024,MiLB,STL,Jeremy Rivas,,-3.2688054855710567,,,milb_std
milb_tmp:jose_fernandez:2024,2024,MiLB,ARI,Jose Fernandez,,-11.414710353191794,,,milb_std
milb_tmp:ricardo_olivar:2024,2024,MiLB,MIN,Ricardo Olivar,,19.362246591348725,,,milb_std
milb_tmp:jose_devers:2024,2024,MiLB,CLE,Jose Devers,,-11.33889139807366,,,milb_std
milb_tmp:ronald_rosario:2024,2024,MiLB,BOS,Ronald Rosario,,-4.951073389708149,,,milb_std
milb_tmp:johnny_ascanio:2024,2024,MiLB,CIN,Johnny Ascanio,,-9.258326348303555,,,milb_std
milb_tmp:maick_collado:2024,2024,MiLB,CLE,Maick Collado,,-0.777941457587094,,,milb_std
milb_tmp:esteban_gonzalez:2024,2024,MiLB,CLE,Esteban Gonzalez,,9.679298630209658,,,milb_std
milb_tmp:jose_meza:2024,2024,MiLB,LAD,Jose Meza,,9.024315948001268,,,milb_std
milb_tmp:jefrey_de_los_santos:2024,2024,MiLB,NYM,Jefrey De Los Santos,,-11.508789852565824,,,milb_std
milb_tmp:jared_serna:2024,2024,MiLB,MIA,Jared Serna,,11.69264106941604,,,milb_std
milb_tmp:javier_rivas:2024,2024,MiLB,PIT,Javier Rivas,,-7.0716784810122215,,,milb_std
milb_tmp:george_feliz:2024,2024,MiLB,SEA,George Feliz,,-5.178810166458652,,,milb_std
milb_tmp:carlos_jimenez:2024,2024,MiLB,SEA,Carlos Jimenez,,25.95558086354044,,,milb_std
milb_tmp:axel_sanchez:2024,2024,MiLB,SEA,Axel Sanchez,,-19.51596836427344,,,milb_std
milb_tmp:lizandro_espinoza:2024,2024,MiLB,STL,Lizandro Espinoza,,-7.596382617475666,,,milb_std
milb_tmp:jose_cordoba:2024,2024,MiLB,STL,Jose Cordoba,,-6.335909609336015,,,milb_std
milb_tmp:felix_taveras:2024,2024,MiLB,STL,Felix Taveras,,-5.192071364272907,,,milb_std
milb_tmp:christian_cerda:2024,2024,MiLB,ARI,Christian Cerda,,2.2976202145867566,,,milb_std
milb_tmp:miguel_villarroel:2024,2024,MiLB,STL,Miguel Villarroel,,5.1468389195704365,,,milb_std
milb_tmp:victor_arias:2024,2024,MiLB,TOR,Victor Arias,,18.2771750708936,,,milb_std
milb_tmp:newremberg_rondon:2024,2024,MiLB,DET,Newremberg Rondon,,2.796829258574405,,,milb_std
milb_tmp:omar_alfonzo:2024,2024,MiLB,PIT,Omar Alfonzo,,11.021444937735367,,,milb_std
milb_tmp:francisco_garcia:2024,2024,MiLB,COL,Francisco Garcia,,-1.5143474879734982,,,milb_std
milb_tmp:joel_mendez:2024,2024,MiLB,NYY,Joel Mendez,,12.084855115709145,,,milb_std
milb_tmp:arxy_hernandez:2024,2024,MiLB,CHW,Arxy Hernandez,,-1.3438930675633765,,,milb_std
milb_tmp:wilman_diaz:2024,2024,MiLB,LAD,Wilman Diaz,,-9.919154681771351,,,milb_std
milb_tmp:armando_cruz:2024,2024,MiLB,WSN,Armando Cruz,,-17.85754431942069,,,milb_std
milb_tmp:cristian_hernandez:2024,2024,MiLB,CHC,Cristian Hernandez,,15.748948338381728,,,milb_std
milb_tmp:shalin_polanco:2024,2024,MiLB,PIT,Shalin Polanco,,-10.841460839285512,,,milb_std
milb_tmp:victor_acosta:2024,2024,MiLB,CIN,Victor Acosta,,-11.31950605952196,,,milb_std
milb_tmp:angel_genao:2024,2024,MiLB,CLE,Angel Genao,,29.56679744553219,,,milb_std
milb_tmp:ariel_almonte:2024,2024,MiLB,CIN,Ariel Almonte,,-0.1936201172165598,,,milb_std
milb_tmp:manuel_beltre:2024,2024,MiLB,TOR,Manuel Beltre,,-2.022715879650784,,,milb_std
milb_tmp:manuel_pena:2024,2024,MiLB,ARI,Manuel Pena,,-1.4644501535219008,,,milb_std
milb_tmp:samuel_zavala:2024,2024,MiLB,CHW,Samuel Zavala,,-2.4637710338120047,,,milb_std
milb_tmp:yeison_morrobel:2024,2024,MiLB,TEX,Yeison Morrobel,,-12.982425264728716,,,milb_std
milb_tmp:starlin_aguilar:2024,2024,MiLB,SEA,Starlin Aguilar,,-7.603056074116511,,,milb_std
milb_tmp:hendry_mendez:2024,2024,MiLB,PHI,Hendry Mendez,,12.41335712274598,,,milb_std
milb_tmp:ronald_hernandez:2024,2024,MiLB,NYM,Ronald Hernandez,,4.060049519320497,,,milb_std
milb_tmp:aneudis_mordan:2024,2024,MiLB,BAL,Aneudis Mordan,,1.9616036110081656,,,milb_std
milb_tmp:anderson_de_los_santos:2024,2024,MiLB,BAL,Anderson De Los Santos,,-3.8582980753186655,,,milb_std
milb_tmp:derwin_laya:2024,2024,MiLB,SFG,Derwin Laya,,1.6405157074138634,,,milb_std
milb_tmp:enmanuel_ramirez:2024,2024,MiLB,WSN,Enmanuel Ramirez,,-3.9638733208550168,,,milb_std
milb_tmp:esmerlyn_valdez:2024,2024,MiLB,PIT,Esmerlyn Valdez,,17.20244322844458,,,milb_std
milb_tmp:leonardo_bernal:2024,2024,MiLB,STL,Leonardo Bernal,,6.831331796999317,,,milb_std
milb_tmp:yancel_guerrero:2024,2024,MiLB,STL,Yancel Guerrero,,3.9984276056512154,,,milb_std
milb_tmp:thayron_liranzo:2024,2024,MiLB,DET,Thayron Liranzo,,15.26686701279549,,,milb_std
milb_tmp:yhoangel_aponte:2024,2024,MiLB,TOR,Yhoangel Aponte,,-9.72188510917163,,,milb_std
milb_tmp:leo_balcazar:2024,2024,MiLB,CIN,Leo Balcazar,,-6.662559318666728,,,milb_std
milb_tmp:gregory_barrios:2024,2024,MiLB,MIL,Gregory Barrios,,2.6506567312776728,,,milb_std
milb_tmp:luis_castillo:2024,2024,MiLB,MIL,Luis Castillo,,3.5975866233464044,,,milb_std
milb_tmp:jadher_areinamo:2024,2024,MiLB,MIL,Jadher Areinamo,,13.899059424734954,,,milb_std
milb_tmp:gleider_figuereo:2024,2024,MiLB,TEX,Gleider Figuereo,,6.71845673840957,,,milb_std
milb_tmp:anderdson_rojas:2024,2024,MiLB,ARI,Anderdson Rojas,,-11.924331774143976,,,milb_std
milb_tmp:yohairo_cuevas:2024,2024,MiLB,NYM,Yohairo Cuevas,,-5.694838373180547,,,milb_std
milb_tmp:hector_rodriguez:2024,2024,MiLB,CIN,Hector Rodriguez,,3.9838858428468327,,,milb_std
milb_tmp:pedro_ramirez:2024,2024,MiLB,CHC,Pedro Ramirez,,6.736110857640278,,,milb_std
milb_tmp:bryant_betancourt:2024,2024,MiLB,COL,Bryant Betancourt,,-2.2242620740999213,,,milb_std
milb_tmp:felix_tena:2024,2024,MiLB,COL,Felix Tena,,-10.688544259585656,,,milb_std
milb_tmp:derlin_figueroa:2024,2024,MiLB,KCR,Derlin Figueroa,,-1.2021353164261426,,,milb_std
milb_tmp:andy_perez:2024,2024,MiLB,COL,Andy Perez,,-4.195349617035745,,,milb_std
milb_tmp:ezequiel_surun:2024,2024,MiLB,ARI,Ezequiel Surun,,3.722284101949938,,,milb_std
milb_tmp:kenny_castillo:2024,2024,MiLB,ARI,Kenny Castillo,,-6.599973021772725,,,milb_std
milb_tmp:willy_montero:2024,2024,MiLB,NYY,Willy Montero,,-4.530444577808173,,,milb_std
milb_tmp:jorge_ruiz:2024,2024,MiLB,LAA,Jorge Ruiz,,-25.097595102946705,,,milb_std
milb_tmp:allan_castro:2024,2024,MiLB,BOS,Allan Castro,,9.500163342831936,,,milb_std
milb_tmp:cesar_quintas:2024,2024,MiLB,SFG,Cesar Quintas,,-6.1944355701453775,,,milb_std
milb_tmp:diego_velasquez:2024,2024,MiLB,SFG,Diego Velasquez,,9.875420388076137,,,milb_std
milb_tmp:anyelo_encarnacion:2024,2024,MiLB,STL,Anyelo Encarnacion,,-2.044498952915325,,,milb_std
milb_tmp:luis_ravelo:2024,2024,MiLB,BOS,Luis Ravelo,,-8.544469723066452,,,milb_std
milb_tmp:ahbram_liendo:2024,2024,MiLB,BOS,Ahbram Liendo,,-18.499716413210976,,,milb_std
milb_tmp:isaias_dipre:2024,2024,MiLB,PIT,Isaias Dipre,,16.590762257850255,,,milb_std
milb_tmp:hans_montero:2024,2024,MiLB,NYY,Hans Montero,,-5.890045418526302,,,milb_std
milb_tmp:juan_alonso:2024,2024,MiLB,LAD,Juan Alonso,,-0.7527398771396171,,,milb_std
milb_tmp:jose_ramos:2024,2024,MiLB,SFG,Jose Ramos,,5.514654855846747,,,milb_std
milb_tmp:elio_campos:2024,2024,MiLB,ATL,Elio Campos,,-5.004597696349544,,,milb_std
milb_tmp:luis_suisbel:2024,2024,MiLB,SEA,Luis Suisbel,,6.246592631753084,,,milb_std
milb_tmp:rayne_doncon:2024,2024,MiLB,MIN,Rayne Doncon,,10.33945163037156,,,milb_std
milb_tmp:carlos_jorge:2024,2024,MiLB,CIN,Carlos Jorge,,-2.029436756361546,,,milb_std
milb_tmp:frederick_bencosme:2024,2024,MiLB,BAL,Frederick Bencosme,,-3.2965784067381505,,,milb_std
milb_tmp:tanner_murray:2024,2024,MiLB,TBR,Tanner Murray,,10.66180519414858,,,milb_std
milb_tmp:marcos_castanon:2024,2024,MiLB,SDP,Marcos Castanon,,-2.220287664551168,,,milb_std
milb_tmp:luis_marinez:2024,2024,MiLB,OAK,Luis Marinez,,-6.65185635658661,,,milb_std
milb_tmp:cole_cummings:2024,2024,MiLB,SDP,Cole Cummings,,-8.612845101318923,,,milb_std
milb_tmp:miguel_bleis:2024,2024,MiLB,BOS,Miguel Bleis,,-3.3698176071164543,,,milb_std
milb_tmp:raudelis_martinez:2024,2024,MiLB,TBR,Raudelis Martinez,,-12.14362855722441,,,milb_std
milb_tmp:tyler_mcdonough:2024,2024,MiLB,BOS,Tyler McDonough,,-6.643673806528957,,,milb_std
milb_tmp:mike_antico:2024,2024,MiLB,STL,Mike Antico,,2.8584260963139103,,,milb_std
milb_tmp:abimelec_ortiz:2024,2024,MiLB,TEX,Abimelec Ortiz,,7.844151540933483,,,milb_std
milb_tmp:andy_thomas:2024,2024,MiLB,SFG,Andy Thomas,,-7.414320024386466,,,milb_std
milb_tmp:tyler_hardman:2024,2024,MiLB,NYY,Tyler Hardman,,-15.478003487694236,,,milb_std
milb_tmp:chris_meyers:2024,2024,MiLB,DET,Chris Meyers,,13.51757889274413,,,milb_std
milb_tmp:caleb_roberts:2024,2024,MiLB,ARI,Caleb Roberts,,12.737950638836503,,,milb_std
milb_tmp:grant_richardson:2024,2024,MiLB,NYY,Grant Richardson,,3.148900178216093,,,milb_std
milb_tmp:cooper_bowman:2024,2024,MiLB,OAK,Cooper Bowman,,5.693884962299832,,,milb_std
milb_tmp:justice_bigbie:2024,2024,MiLB,DET,Justice Bigbie,,-15.441904401837125,,,milb_std
milb_tmp:ben_malgeri:2024,2024,MiLB,DET,Ben Malgeri,,5.5696590422079,,,milb_std
milb_tmp:ben_cowles:2024,2024,MiLB,CHC,Ben Cowles,,17.558433037692748,,,milb_std
milb_tmp:noah_mendlinger:2024,2024,MiLB,STL,Noah Mendlinger,,0.3836235988231627,,,milb_std
milb_tmp:wes_clarke:2024,2024,MiLB,MIL,Wes Clarke,,7.153931687351324,,,milb_std
milb_tmp:ruben_ibarra:2024,2024,MiLB,CIN,Ruben Ibarra,,7.189046567151115,,,milb_std
milb_tmp:luke_waddell:2024,2024,MiLB,ATL,Luke Waddell,,-18.338615963702203,,,milb_std
milb_tmp:riley_tirotta:2024,2024,MiLB,TOR,Riley Tirotta,,12.645089411396638,,,milb_std
milb_tmp:cal_conley:2024,2024,MiLB,ATL,Cal Conley,,-8.052370526835492,,,milb_std
milb_tmp:wyatt_young:2024,2024,MiLB,NYM,Wyatt Young,,10.034570351819392,,,milb_std
milb_tmp:peyton_wilson:2024,2024,MiLB,KCR,Peyton Wilson,,3.919612868454061,,,milb_std
milb_tmp:dillan_shrum:2024,2024,MiLB,KCR,Dillan Shrum,,6.172647660341679,,,milb_std
milb_tmp:phillip_sikes:2024,2024,MiLB,BOS,Phillip Sikes,,4.744032644969346,,,milb_std
milb_tmp:shawn_goosenberg:2024,2024,MiLB,CHW,Shawn Goosenberg,,7.36494501322008,,,milb_std
milb_tmp:austin_gauthier:2024,2024,MiLB,LAD,Austin Gauthier,,-2.991195890504088,,,milb_std
milb_tmp:geuri_lubo:2024,2024,MiLB,CHC,Geuri Lubo,,1.671186146313809,,,milb_std
milb_tmp:wilfredo_lara:2024,2024,MiLB,MIA,Wilfredo Lara,,3.3902680566787837,,,milb_std
milb_tmp:cody_morissette:2024,2024,MiLB,MIA,Cody Morissette,,-10.085880908491974,,,milb_std
milb_tmp:john_rhodes:2024,2024,MiLB,BAL,John Rhodes,,-14.996254260326156,,,milb_std
milb_tmp:zach_kokoska:2024,2024,MiLB,COL,Zach Kokoska,,7.970983923830607,,,milb_std
milb_tmp:cameron_cauley:2024,2024,MiLB,TEX,Cameron Cauley,,3.9000706535700727,,,milb_std
milb_tmp:wes_kath:2024,2024,MiLB,CHW,Wes Kath,,5.310166336233627,,,milb_std
milb_tmp:collin_burns:2024,2024,MiLB,BAL,Collin Burns,,-9.143988159384133,,,milb_std
milb_tmp:rowdey_jordan:2024,2024,MiLB,NYM,Rowdey Jordan,,-9.45603552432249,,,milb_std
milb_tmp:quincy_hamilton:2024,2024,MiLB,HOU,Quincy Hamilton,,-2.185370825400573,,,milb_std
milb_tmp:juan_benjamin:2024,2024,MiLB,CLE,Juan Benjamin,,-3.0534435707488377,,,milb_std
milb_tmp:adam_zebrowski:2024,2024,MiLB,ATL,Adam Zebrowski,,-5.854827191197192,,,milb_std
milb_tmp:bj_murray_jr.:2024,2024,MiLB,CHC,BJ Murray Jr.,,-14.91344916457835,,,milb_std
milb_tmp:jonny_butler:2024,2024,MiLB,OAK,Jonny Butler,,0.8317938242065585,,,milb_std
milb_tmp:jordan_mccants:2024,2024,MiLB,MIA,Jordan McCants,,-14.841409918036724,,,milb_std
milb_tmp:james_triantos:2024,2024,MiLB,CHC,James Triantos,,12.27624739601706,,,milb_std
milb_tmp:damiano_palmegiani:2024,2024,MiLB,TOR,Damiano Palmegiani,,-9.390791164246266,,,milb_std
milb_tmp:t.j._rumfield:2024,2024,MiLB,NYY,T.J. Rumfield,,11.647255594559844,,,milb_std
milb_tmp:dru_baker:2024,2024,MiLB,TBR,Dru Baker,,1.574989765657458,,,milb_std
milb_tmp:braiden_ward:2024,2024,MiLB,COL,Braiden Ward,,14.739484311518444,,,milb_std
milb_tmp:matt_rudick:2024,2024,MiLB,NYM,Matt Rudick,,7.1530539265423085,,,milb_std
milb_tmp:terrell_tatum:2024,2024,MiLB,CHW,Terrell Tatum,,-5.178021069827505,,,milb_std
milb_tmp:jt_schwartz:2024,2024,MiLB,NYM,JT Schwartz,,6.732325448434289,,,milb_std
milb_tmp:paul_mcintosh:2024,2024,MiLB,MIA,Paul McIntosh,,9.536712880063266,,,milb_std
milb_tmp:joe_mack:2024,2024,MiLB,MIA,Joe Mack,,22.192891695566587,,,milb_std
milb_tmp:luca_tresh:2024,2024,MiLB,KCR,Luca Tresh,,5.010726674402596,,,milb_std
milb_tmp:nathan_hickey:2024,2024,MiLB,BOS,Nathan Hickey,,-0.1296130179057621,,,milb_std
milb_tmp:jay_allen_ii:2024,2024,MiLB,CIN,Jay Allen II,,9.108479312891625,,,milb_std
milb_tmp:jordan_viars:2024,2024,MiLB,PHI,Jordan Viars,,7.038874348477212,,,milb_std
milb_tmp:carlos_colmenarez:2024,2024,MiLB,TBR,Carlos Colmenarez,,-4.852323025978105,,,milb_std
milb_tmp:christian_franklin:2024,2024,MiLB,CHC,Christian Franklin,,16.398485483009743,,,milb_std
milb_tmp:noah_miller:2024,2024,MiLB,LAD,Noah Miller,,-9.889089468268851,,,milb_std
milb_tmp:kahlil_watson:2024,2024,MiLB,CLE,Kahlil Watson,,1.850864302266816,,,milb_std
milb_tmp:creed_willems:2024,2024,MiLB,BAL,Creed Willems,,9.889574838709017,,,milb_std
milb_tmp:lonnie_white_jr.:2024,2024,MiLB,PIT,Lonnie White Jr.,,-9.33379318903178,,,milb_std
milb_tmp:anthony_vilar:2024,2024,MiLB,SDP,Anthony Vilar,,4.61525929960304,,,milb_std
milb_tmp:logan_cerny:2024,2024,MiLB,HOU,Logan Cerny,,-0.7797677464216326,,,milb_std
milb_tmp:aaron_zavala:2024,2024,MiLB,TEX,Aaron Zavala,,-7.969128660829917,,,milb_std
milb_tmp:t.j._white:2024,2024,MiLB,WSN,T.J. White,,-5.2317848077253695,,,milb_std
milb_tmp:dayker_baldallo:2024,2024,MiLB,OAK,Dayker Baldallo,,-6.607254591970013,,,milb_std
milb_tmp:jake_fox:2024,2024,MiLB,CLE,Jake Fox,,-4.833431705382421,,,milb_std
milb_tmp:jake_rucker:2024,2024,MiLB,MIN,Jake Rucker,,-2.1677034233303454,,,milb_std
milb_tmp:gavin_conticello:2024,2024,MiLB,ARI,Gavin Conticello,,11.41875881035657,,,milb_std
milb_tmp:cooper_kinney:2024,2024,MiLB,TBR,Cooper Kinney,,16.37274591017249,,,milb_std
milb_tmp:hao-yu_lee:2024,2024,MiLB,DET,Hao-Yu  Lee,,18.592728686662596,,,milb_std
milb_tmp:christian_olivo:2024,2024,MiLB,CHC,Christian Olivo,,-16.14952412330984,,,milb_std
milb_tmp:anthony_scull:2024,2024,MiLB,LAA,Anthony Scull,,-2.2314172054386208,,,milb_std
milb_tmp:german_ortiz:2024,2024,MiLB,OAK,German Ortiz,,6.1912271166741,,,milb_std
milb_tmp:brady_allen:2024,2024,MiLB,DET,Brady Allen,,-10.340925416100312,,,milb_std
milb_tmp:jason_matthews:2024,2024,MiLB,CHW,Jason Matthews,,-13.125029589984129,,,milb_std
milb_tmp:jose_ochoa:2024,2024,MiLB,DET,Jose Ochoa,,-7.04141965073855,,,milb_std
milb_tmp:dyan_jorge:2024,2024,MiLB,COL,Dyan Jorge,,-6.964799164916395,,,milb_std
milb_tmp:daniel_guilarte:2024,2024,MiLB,MIL,Daniel Guilarte,,3.577725693647206,,,milb_std
milb_tmp:rosman_verdugo:2024,2024,MiLB,SDP,Rosman Verdugo,,0.095429365085657,,,milb_std
milb_tmp:keiner_delgado:2024,2024,MiLB,PIT,Keiner Delgado,,-0.9405499554360888,,,milb_std
milb_tmp:jace_avina:2024,2024,MiLB,NYY,Jace Avina,,2.367098801123081,,,milb_std
milb_tmp:jaison_chourio:2024,2024,MiLB,CLE,Jaison Chourio,,22.456626966780405,,,milb_std
milb_tmp:andy_lugo:2024,2024,MiLB,BOS,Andy Lugo,,5.394431419945287,,,milb_std
milb_tmp:cristhian_vaquero:2024,2024,MiLB,WSN,Cristhian Vaquero,,-8.727969111241489,,,milb_std
milb_tmp:ricky_cabrera:2024,2024,MiLB,CIN,Ricky Cabrera,,6.077016775235012,,,milb_std
milb_tmp:samuel_munoz:2024,2024,MiLB,LAD,Samuel Munoz,,-13.39169711942384,,,milb_std
milb_tmp:lazaro_montes:2024,2024,MiLB,SEA,Lazaro Montes,,27.442346952127373,,,milb_std
milb_tmp:javier_osorio:2024,2024,MiLB,DET,Javier Osorio,,14.791384370286757,,,milb_std
milb_tmp:jonathan_mejia:2024,2024,MiLB,STL,Jonathan Mejia,,7.607438861088561,,,milb_std
milb_tmp:simon_juan:2024,2024,MiLB,NYM,Simon Juan,,3.4507934050615643,,,milb_std
milb_tmp:braylin_tavera:2024,2024,MiLB,BAL,Braylin Tavera,,-15.30151497669186,,,milb_std
milb_tmp:johan_barrios:2024,2024,MiLB,MIL,Johan Barrios,,2.932469561127564,,,milb_std
milb_tmp:yendry_rojas:2024,2024,MiLB,SDP,Yendry Rojas,,-11.02667036595772,,,milb_std
milb_tmp:nelson_rada:2024,2024,MiLB,LAA,Nelson Rada,,-7.214416960029466,,,milb_std
milb_tmp:anthuan_valencia:2024,2024,MiLB,CIN,Anthuan Valencia,,-1.7460886679923948,,,milb_std
milb_tmp:randy_de_jesus:2024,2024,MiLB,LAA,Randy De Jesus,,8.96675764482884,,,milb_std
milb_tmp:michael_arroyo:2024,2024,MiLB,SEA,Michael Arroyo,,36.39153090774904,,,milb_std
milb_tmp:kenni_gomez:2024,2024,MiLB,HOU,Kenni Gomez,,8.743349233057595,,,milb_std
milb_tmp:leandro_arias:2024,2024,MiLB,BAL,Leandro Arias,,-0.5082808233868192,,,milb_std
milb_tmp:esmith_pineda:2024,2024,MiLB,CIN,Esmith Pineda,,-2.8342629054137944,,,milb_std
milb_tmp:edwin_sanchez:2024,2024,MiLB,LAD,Edwin Sanchez,,18.356471741845176,,,milb_std
milb_tmp:kendry_chirinos:2024,2024,MiLB,TOR,Kendry Chirinos,,7.708228614217948,,,milb_std
milb_tmp:carlos_pacheco:2024,2024,MiLB,OAK,Carlos Pacheco,,3.805499513691886,,,milb_std
milb_tmp:alberto_mendez:2024,2024,MiLB,CLE,Alberto Mendez,,-8.326159650050997,,,milb_std
milb_tmp:ruben_santana:2024,2024,MiLB,ARI,Ruben Santana,,-14.78132165880526,,,milb_std
milb_tmp:capri_ortiz:2024,2024,MiLB,LAA,Capri Ortiz,,0.2849600979092252,,,milb_std
milb_tmp:richard_ramirez:2024,2024,MiLB,PIT,Richard Ramirez,,6.527377110322518,,,milb_std
milb_tmp:derek_bernard:2024,2024,MiLB,COL,Derek Bernard,,1.141874705184033,,,milb_std
milb_tmp:yerald_nin:2024,2024,MiLB,ARI,Yerald Nin,,-1.691089617598878,,,milb_std
milb_tmp:luis_baez:2024,2024,MiLB,HOU,Luis Baez,,7.112331696357614,,,milb_std
milb_tmp:kashon_conliffe:2024,2024,MiLB,SDP,Kashon Conliffe,,-8.824474075901286,,,milb_std
milb_tmp:engelth_urena:2024,2024,MiLB,NYY,Engelth Urena,,13.702672830449954,,,milb_std
milb_tmp:natanael_yuten:2024,2024,MiLB,BOS,Natanael Yuten,,0.5589670139251307,,,milb_std
milb_tmp:yordalin_pena:2024,2024,MiLB,STL,Yordalin Pena,,0.3544229457665549,,,milb_std
milb_tmp:roynier_hernandez:2024,2024,MiLB,COL,Roynier Hernandez,,4.77938321371974,,,milb_std
milb_tmp:mairoshendrick_martinus:2024,2024,MiLB,LAD,Mairoshendrick Martinus,,-12.264661739917203,,,milb_std
milb_tmp:jansel_luis:2024,2024,MiLB,ARI,Jansel Luis,,0.5100180036244826,,,milb_std
milb_tmp:luis_lara:2024,2024,MiLB,MIL,Luis Lara,,-2.645279021802382,,,milb_std
milb_tmp:juan_baez:2024,2024,MiLB,MIL,Juan Baez,,4.648777925037177,,,milb_std
milb_tmp:ricardo_gonzalez:2024,2024,MiLB,TBR,Ricardo Gonzalez,,-12.931232581694132,,,milb_std
milb_tmp:gery_holguin:2024,2024,MiLB,MIL,Gery Holguin,,-7.559724648631219,,,milb_std
milb_tmp:angel_mateo:2024,2024,MiLB,TBR,Angel Mateo,,0.7382634589614446,,,milb_std
milb_tmp:josias_ramirez:2024,2024,MiLB,CHC,Josias Ramirez,,0.2912734451250742,,,milb_std
milb_tmp:nicandro_aybar:2024,2024,MiLB,TBR,Nicandro Aybar,,-0.0725274308331968,,,milb_std
milb_tmp:roosbert_tapia:2024,2024,MiLB,TBR,Roosbert Tapia,,-2.370327399374041,,,milb_std
milb_tmp:aron_estrada:2024,2024,MiLB,BAL,Aron Estrada,,15.147955647431628,,,milb_std
milb_tmp:jeral_perez:2024,2024,MiLB,LAD,Jeral Perez,,12.873946467525077,,,milb_std
milb_tmp:marvin_alcantara:2024,2024,MiLB,BOS,Marvin Alcantara,,-9.055642062872494,,,milb_std
milb_tmp:jose_alpuria:2024,2024,MiLB,ARI,Jose Alpuria,,4.780012569995149,,,milb_std
milb_tmp:narciso_polanco:2024,2024,MiLB,TBR,Narciso Polanco,,0.0335796811681319,,,milb_std
milb_tmp:echedry_vargas:2024,2024,MiLB,TEX,Echedry Vargas,,12.585761714262055,,,milb_std
milb_tmp:thomas_sosa:2024,2024,MiLB,BAL,Thomas Sosa,,-1.516714552953322,,,milb_std
milb_tmp:jose_contreras:2024,2024,MiLB,TBR,Jose Contreras,,1.074613302265948,,,milb_std
milb_tmp:jefferson_rojas:2024,2024,MiLB,CHC,Jefferson Rojas,,-6.069478643839744,,,milb_std
milb_tmp:lisandro_bonifacio:2024,2024,MiLB,MIA,Lisandro Bonifacio,,-2.652230212860983,,,milb_std
milb_tmp:josue_de_paula:2024,2024,MiLB,LAD,Josue De Paula,,18.455239397181685,,,milb_std
milb_tmp:josi_novas:2024,2024,MiLB,KCR,Josi Novas,,-13.60455233957804,,,milb_std
milb_tmp:wilton_lara:2024,2024,MiLB,HOU,Wilton Lara,,1.842082920749344,,,milb_std
milb_tmp:jose_rivera:2024,2024,MiLB,MIA,Jose Rivera,,2.317097311179996,,,milb_std
milb_tmp:luis_frias:2024,2024,MiLB,SFG,Luis Frias,,-3.695643186741246,,,milb_std
milb_tmp:robert_perez:2024,2024,MiLB,MIA,Robert Perez,,3.4348659611513908,,,milb_std
milb_tmp:chris_suero:2024,2024,MiLB,NYM,Chris Suero,,8.800674207619545,,,milb_std
milb_tmp:raimel_medina:2024,2024,MiLB,KCR,Raimel Medina,,13.714837783007871,,,milb_std
milb_tmp:julio_henriquez:2024,2024,MiLB,MIA,Julio Henriquez,,11.195622480136672,,,milb_std
milb_tmp:leandro_alsinois:2024,2024,MiLB,CHW,Leandro Alsinois,,-8.04712494037534,,,milb_std
milb_tmp:agustin_acosta:2024,2024,MiLB,LAD,Agustin Acosta,,4.618139260716728,,,milb_std
milb_tmp:erick_torres:2024,2024,MiLB,KCR,Erick Torres,,-2.341364904786878,,,milb_std
milb_tmp:ronny_hernandez:2024,2024,MiLB,CHW,Ronny Hernandez,,10.140809648719816,,,milb_std
milb_tmp:byron_chourio:2024,2024,MiLB,MIN,Byron Chourio,,-17.588437497119894,,,milb_std
milb_tmp:cristofer_torin:2024,2024,MiLB,ARI,Cristofer Torin,,3.1855264534886047,,,milb_std
milb_tmp:carlos_vasquez:2024,2024,MiLB,TOR,Carlos Vasquez,,-5.694922412937909,,,milb_std
milb_tmp:abrahan_ramirez:2024,2024,MiLB,NYY,Abrahan Ramirez,,15.978007485614542,,,milb_std
milb_tmp:samuel_gil:2024,2024,MiLB,DET,Samuel Gil,,-6.655352025996688,,,milb_std
milb_tmp:alejandro_nunez:2024,2024,MiLB,HOU,Alejandro Nunez,,2.728188216144916,,,milb_std
milb_tmp:reylin_perez:2024,2024,MiLB,DET,Reylin Perez,,-3.657913715054841,,,milb_std
milb_tmp:yorfran_medina:2024,2024,MiLB,LAD,Yorfran Medina,,5.828284803363717,,,milb_std
milb_tmp:deivis_mosquera:2024,2024,MiLB,MIA,Deivis Mosquera,,4.133600177061869,,,milb_std
milb_tmp:dervy_ventura:2024,2024,MiLB,SEA,Dervy Ventura,,8.650406868087163,,,milb_std
milb_tmp:griffin_lockwood-powell:2024,2024,MiLB,LAD,Griffin Lockwood-Powell,,-5.433436821040284,,,milb_std
milb_tmp:abdias_de_la_cruz:2024,2024,MiLB,ARI,Abdias De La Cruz,,5.8366789681104425,,,milb_std
milb_tmp:luis_marquez:2024,2024,MiLB,TEX,Luis Marquez,,-3.524830502976546,,,milb_std
milb_tmp:won-bin_cho:2024,2024,MiLB,STL,Won-Bin Cho,,-9.640090276936048,,,milb_std
milb_tmp:cruzmel_arias:2024,2024,MiLB,COL,Cruzmel Arias,,-4.590386465342276,,,milb_std
milb_tmp:larry_martinez:2024,2024,MiLB,TBR,Larry Martinez,,4.521523413348236,,,milb_std
milb_tmp:jose_robledo:2024,2024,MiLB,HOU,Jose Robledo,,-5.497229461581731,,,milb_std
milb_tmp:athanael_duarte:2024,2024,MiLB,LAA,Athanael Duarte,,1.537226207732082,,,milb_std
milb_tmp:yoffry_solano:2024,2024,MiLB,MIA,Yoffry Solano,,-1.8361150323126407,,,milb_std
milb_tmp:oliver_carrillo:2024,2024,MiLB,HOU,Oliver Carrillo,,8.217938960772912,,,milb_std
milb_tmp:roderick_arias:2024,2024,MiLB,NYY,Roderick Arias,,7.352772840582117,,,milb_std
milb_tmp:joan_delgado:2024,2024,MiLB,CHC,Joan Delgado,,5.642557551093582,,,milb_std
milb_tmp:douglas_glod:2024,2024,MiLB,ATL,Douglas Glod,,-1.881551403176957,,,milb_std
milb_tmp:arnold_prado:2024,2024,MiLB,CHW,Arnold Prado,,-7.503362714475476,,,milb_std
milb_tmp:william_bergolla:2024,2024,MiLB,CHW,William Bergolla,,6.003700897235968,,,milb_std
milb_tmp:hogan_windish:2024,2024,MiLB,SEA,Hogan Windish,,3.212956477162092,,,milb_std
milb_tmp:jacob_berry:2024,2024,MiLB,MIA,Jacob Berry,,-3.610813173374692,,,milb_std
milb_tmp:brody_moore:2024,2024,MiLB,STL,Brody Moore,,-5.060383783840796,,,milb_std
milb_tmp:r.j._yeager:2024,2024,MiLB,STL,R.J. Yeager,,0.7646261125520091,,,milb_std
milb_tmp:tucker_flint:2024,2024,MiLB,LAA,Tucker Flint,,19.434458321714143,,,milb_std
milb_tmp:kai_murphy:2024,2024,MiLB,SDP,Kai Murphy,,4.149174003566519,,,milb_std
milb_tmp:ivan_melendez:2024,2024,MiLB,ARI,Ivan Melendez,,5.159804266572227,,,milb_std
milb_tmp:braedon_karpathios:2024,2024,MiLB,SDP,Braedon Karpathios,,10.657848379263289,,,milb_std
milb_tmp:romeo_sanabria:2024,2024,MiLB,SDP,Romeo Sanabria,,21.766806345190528,,,milb_std
milb_tmp:sonny_dichiara:2024,2024,MiLB,LAA,Sonny DiChiara,,2.082262992711814,,,milb_std
milb_tmp:alex_iadisernia:2024,2024,MiLB,STL,Alex Iadisernia,,-6.279936659462221,,,milb_std
milb_tmp:ben_gobbel:2024,2024,MiLB,LAA,Ben Gobbel,,2.7380080331420347,,,milb_std
milb_tmp:sean_mclain:2024,2024,MiLB,LAD,Sean McLain,,-7.037069703840896,,,milb_std
milb_tmp:kevin_kilpatrick_jr.:2024,2024,MiLB,ATL,Kevin Kilpatrick Jr.,,-5.832442918563116,,,milb_std
milb_tmp:keshawn_ogans:2024,2024,MiLB,ATL,Keshawn Ogans,,-12.718117297852991,,,milb_std
milb_tmp:kyle_nevin:2024,2024,MiLB,LAD,Kyle Nevin,,-3.78584759980538,,,milb_std
milb_tmp:e.j._exposito:2024,2024,MiLB,ATL,E.J. Exposito,,3.902433831313439,,,milb_std
milb_tmp:javier_vaz:2024,2024,MiLB,KCR,Javier Vaz,,11.69294930365984,,,milb_std
milb_tmp:taylor_young:2024,2024,MiLB,LAD,Taylor Young,,-4.396142544363395,,,milb_std
milb_tmp:eric_brown_jr.:2024,2024,MiLB,MIL,Eric Brown Jr.,,-18.33348106075617,,,milb_std
milb_tmp:matthew_wood:2024,2024,MiLB,MIL,Matthew Wood,,0.6799467825058623,,,milb_std
milb_tmp:jordan_sprinkle:2024,2024,MiLB,CHW,Jordan Sprinkle,,-12.96231760071432,,,milb_std
milb_tmp:robert_moore:2024,2024,MiLB,PHI,Robert Moore,,0.0031708560482295,,,milb_std
milb_tmp:tayden_hall:2024,2024,MiLB,MIL,Tayden Hall,,7.263628524459548,,,milb_std
milb_tmp:collin_price:2024,2024,MiLB,HOU,Collin Price,,2.219100017860209,,,milb_std
milb_tmp:jud_fabian:2024,2024,MiLB,BAL,Jud Fabian,,-4.046264002142808,,,milb_std
milb_tmp:bill_knight:2024,2024,MiLB,SEA,Bill Knight,,-0.2215571632324348,,,milb_std
milb_tmp:spencer_jones:2024,2024,MiLB,NYY,Spencer Jones,,15.218930862847063,,,milb_std
milb_tmp:chris_newell:2024,2024,MiLB,LAD,Chris Newell,,6.554780601090328,,,milb_std
milb_tmp:brennan_milone:2024,2024,MiLB,OAK,Brennan Milone,,17.853256909357707,,,milb_std
milb_tmp:silas_ardoin:2024,2024,MiLB,BAL,Silas Ardoin,,-13.628258871960464,,,milb_std
milb_tmp:nathan_martorella:2024,2024,MiLB,MIA,Nathan Martorella,,2.438461287816056,,,milb_std
milb_tmp:kody_huff:2024,2024,MiLB,CLE,Kody Huff,,3.052582074136341,,,milb_std
milb_tmp:nick_vogt:2024,2024,MiLB,SDP,Nick Vogt,,-7.133048093741756,,,milb_std
milb_tmp:gavin_cross:2024,2024,MiLB,KCR,Gavin Cross,,7.99453374545013,,,milb_std
milb_tmp:luke_gold:2024,2024,MiLB,DET,Luke Gold,,-1.33252906557286,,,milb_std
milb_tmp:sterlin_thompson:2024,2024,MiLB,COL,Sterlin Thompson,,1.9767377914549664,,,milb_std
milb_tmp:henry_bolte:2024,2024,MiLB,OAK,Henry Bolte,,24.25158207007962,,,milb_std
milb_tmp:tanner_schobel:2024,2024,MiLB,MIN,Tanner Schobel,,-10.69924093639168,,,milb_std
milb_tmp:jorel_ortega:2024,2024,MiLB,MIN,Jorel Ortega,,-5.780301717087345,,,milb_std
milb_tmp:josh_zamora:2024,2024,MiLB,MIA,Josh Zamora,,8.973285522553123,,,milb_std
milb_tmp:peyton_williams:2024,2024,MiLB,TOR,Peyton Williams,,16.073610992666804,,,milb_std
milb_tmp:josh_hatcher:2024,2024,MiLB,TEX,Josh Hatcher,,10.579176185991932,,,milb_std
milb_tmp:tommy_sacco_jr.:2024,2024,MiLB,HOU,Tommy Sacco Jr.,,2.407250598351353,,,milb_std
milb_tmp:ryan_clifford:2024,2024,MiLB,NYM,Ryan Clifford,,19.65521355824188,,,milb_std
milb_tmp:matt_higgins:2024,2024,MiLB,SFG,Matt Higgins,,6.47453897964004,,,milb_std
milb_tmp:nick_cimillo:2024,2024,MiLB,PIT,Nick Cimillo,,24.35643021712528,,,milb_std
milb_tmp:cam_collier:2024,2024,MiLB,CIN,Cam Collier,,17.493885815790893,,,milb_std
milb_tmp:haydn_mcgeary:2024,2024,MiLB,CHC,Haydn McGeary,,-3.3273982378195286,,,milb_std
milb_tmp:luke_adams:2024,2024,MiLB,MIL,Luke Adams,,26.630420231309305,,,milb_std
milb_tmp:carter_howell:2024,2024,MiLB,SFG,Carter Howell,,8.003628939595929,,,milb_std
milb_tmp:sammy_hernandez:2024,2024,MiLB,STL,Sammy Hernandez,,9.10317150457816,,,milb_std
milb_tmp:devonte_brown:2024,2024,MiLB,TOR,Devonte Brown,,4.2021066447461015,,,milb_std
milb_tmp:brock_jones:2024,2024,MiLB,TBR,Brock Jones,,9.158975749394816,,,milb_std
milb_tmp:mario_camilletti:2024,2024,MiLB,CHW,Mario Camilletti,,11.124931575459623,,,milb_std
milb_tmp:dominic_keegan:2024,2024,MiLB,TBR,Dominic Keegan,,18.536146125813232,,,milb_std
milb_tmp:michael_turconi:2024,2024,MiLB,TOR,Michael Turconi,,-6.823862664813936,,,milb_std
milb_tmp:cade_hunter:2024,2024,MiLB,CIN,Cade Hunter,,-10.209170805853097,,,milb_std
milb_tmp:cortland_lawson:2024,2024,MiLB,WSN,Cortland Lawson,,-17.37478233573371,,,milb_std
milb_tmp:josh_kasevich:2024,2024,MiLB,TOR,Josh Kasevich,,4.4841638278076825,,,milb_std
milb_tmp:elijah_green:2024,2024,MiLB,WSN,Elijah Green,,-3.4629349045717204,,,milb_std
milb_tmp:termarr_johnson:2024,2024,MiLB,PIT,Termarr Johnson,,13.702806249682377,,,milb_std
milb_tmp:dylan_o'rae:2024,2024,MiLB,MIL,Dylan O'Rae,,-2.323885932689742,,,milb_std
milb_tmp:justin_crawford:2024,2024,MiLB,PHI,Justin Crawford,,17.988039387593588,,,milb_std
milb_tmp:ryan_mccarty:2024,2024,MiLB,TOR,Ryan McCarty,,1.3648772486153853,,,milb_std
milb_tmp:josh_hood:2024,2024,MiLB,SEA,Josh Hood,,4.088474637822491,,,milb_std
milb_tmp:jared_mckenzie:2024,2024,MiLB,WSN,Jared McKenzie,,-3.275399442604648,,,milb_std
milb_tmp:cutter_coffey:2024,2024,MiLB,TOR,Cutter Coffey,,3.995725305716572,,,milb_std
milb_tmp:emaarion_boyd:2024,2024,MiLB,PHI,Emaarion Boyd,,-4.872691778118275,,,milb_std
milb_tmp:juanfel_peguero:2024,2024,MiLB,TBR,Juanfel Peguero,,-3.1443429908071625,,,milb_std
milb_tmp:devin_ortiz:2024,2024,MiLB,SDP,Devin Ortiz,,-0.6494249805815483,,,milb_std
milb_tmp:bryce_willits:2024,2024,MiLB,CHW,Bryce Willits,,-2.760612467701597,,,milb_std
milb_tmp:ben_ross:2024,2024,MiLB,MIN,Ben Ross,,-12.44489786864025,,,milb_std
milb_tmp:matt_coutney:2024,2024,MiLB,LAA,Matt Coutney,,3.13419278386228,,,milb_std
milb_tmp:nick_morabito:2024,2024,MiLB,NYM,Nick Morabito,,22.69787789041526,,,milb_std
milb_tmp:andy_garriola:2024,2024,MiLB,CHC,Andy Garriola,,15.36302686916532,,,milb_std
milb_tmp:seth_stephenson:2024,2024,MiLB,DET,Seth Stephenson,,2.952990076953616,,,milb_std
milb_tmp:austin_charles:2024,2024,MiLB,KCR,Austin Charles,,11.90530153915777,,,milb_std
milb_tmp:xavier_isaac:2024,2024,MiLB,TBR,Xavier Isaac,,22.89033865065809,,,milb_std
milb_tmp:carter_young:2024,2024,MiLB,BAL,Carter Young,,-12.711791522679537,,,milb_std
milb_tmp:dom_johnson:2024,2024,MiLB,DET,Dom Johnson,,-8.821038094472458,,,milb_std
milb_tmp:kevin_parada:2024,2024,MiLB,NYM,Kevin Parada,,-3.962244194703505,,,milb_std
milb_tmp:douglas_hodo_iii:2024,2024,MiLB,BAL,Douglas Hodo III,,14.4724892548775,,,milb_std
milb_tmp:joe_lampe:2024,2024,MiLB,CLE,Joe Lampe,,-0.776845969678573,,,milb_std
milb_tmp:michael_turner:2024,2024,MiLB,CHW,Michael Turner,,-4.924803899284158,,,milb_std
milb_tmp:druw_jones:2024,2024,MiLB,ARI,Druw Jones,,16.19281142458798,,,milb_std
milb_tmp:brando_mayea:2024,2024,MiLB,NYY,Brando Mayea,,-0.054112853054505,,,milb_std
milb_tmp:enmanuel_bonilla:2024,2024,MiLB,TOR,Enmanuel Bonilla,,-13.873786728312174,,,milb_std
milb_tmp:andrew_pintar:2024,2024,MiLB,ARI,Andrew Pintar,,9.191961448752355,,,milb_std
milb_tmp:jack_pineda:2024,2024,MiLB,KCR,Jack Pineda,,5.336205013515738,,,milb_std
milb_tmp:ethan_salas:2024,2024,MiLB,SDP,Ethan Salas,,-13.843946640271916,,,milb_std
milb_tmp:turner_hill:2024,2024,MiLB,SFG,Turner Hill,,5.784545087248615,,,milb_std
milb_tmp:shawn_ross:2024,2024,MiLB,PIT,Shawn Ross,,11.559928319428204,,,milb_std
milb_tmp:jason_hinchman:2024,2024,MiLB,COL,Jason Hinchman,,-8.326910472411688,,,milb_std
milb_tmp:demetrio_crisantes:2024,2024,MiLB,ARI,Demetrio Crisantes,,27.25511882992072,,,milb_std
milb_tmp:kevin_dume:2024,2024,MiLB,OAK,Kevin Dume,,5.633210190808924,,,milb_std
milb_tmp:xavier_guillen:2024,2024,MiLB,TBR,Xavier Guillen,,10.714792538311489,,,milb_std
milb_tmp:yael_romero:2024,2024,MiLB,CIN,Yael Romero,,14.499260386620271,,,milb_std
milb_tmp:luis_escudero:2024,2024,MiLB,NYY,Luis Escudero,,10.320972243190948,,,milb_std
milb_tmp:yoerny_junco:2024,2024,MiLB,STL,Yoerny Junco,,-0.3477261927465517,,,milb_std
milb_tmp:joendry_vargas:2024,2024,MiLB,LAD,Joendry Vargas,,7.713549533879727,,,milb_std
milb_tmp:sebastian_walcott:2024,2024,MiLB,TEX,Sebastian Walcott,,15.785668589128347,,,milb_std
milb_tmp:ludwing_espinoza:2024,2024,MiLB,CHC,Ludwing Espinoza,,-1.4047399850100162,,,milb_std
milb_tmp:janero_miller:2024,2024,MiLB,MIA,Janero Miller,,-0.6572562877454997,,,milb_std
milb_tmp:angel_cepeda:2024,2024,MiLB,CHC,Angel Cepeda,,3.826986986874694,,,milb_std
milb_tmp:luis_almeyda:2024,2024,MiLB,BAL,Luis Almeyda,,-3.3768664444730656,,,milb_std
milb_tmp:esmil_valencia:2024,2024,MiLB,HOU,Esmil Valencia,,-1.3827622754349624,,,milb_std
milb_tmp:yophery_rodriguez:2024,2024,MiLB,MIL,Yophery Rodriguez,,9.469646368292947,,,milb_std
milb_tmp:arnaldo_lantigua:2024,2024,MiLB,LAD,Arnaldo Lantigua,,17.28770684532051,,,milb_std
milb_tmp:tony_ruiz:2024,2024,MiLB,KCR,Tony Ruiz,,-5.019291446351105,,,milb_std
milb_tmp:enrique_jimenez:2024,2024,MiLB,DET,Enrique Jimenez,,1.927874123416304,,,milb_std
milb_tmp:filippo_di_turi:2024,2024,MiLB,MIL,Filippo Di Turi,,0.0057254961484201,,,milb_std
milb_tmp:manuel_cabrera:2024,2024,MiLB,WSN,Manuel Cabrera,,5.34836897814707,,,milb_std
milb_tmp:maikol_orozco:2024,2024,MiLB,DET,Maikol Orozco,,11.86791189847506,,,milb_std
milb_tmp:jeremy_rodriguez:2024,2024,MiLB,NYM,Jeremy Rodriguez,,2.341488651368796,,,milb_std
milb_tmp:anibal_salas:2024,2024,MiLB,DET,Anibal Salas,,-2.820579612025638,,,milb_std
milb_tmp:kevin_ereu:2024,2024,MiLB,MIL,Kevin Ereu,,3.278980851922125,,,milb_std
milb_tmp:yeycol_soriano:2024,2024,MiLB,CIN,Yeycol Soriano,,-0.327317734798748,,,milb_std
milb_tmp:cristopfer_gonzalez:2024,2024,MiLB,HOU,Cristopfer Gonzalez,,-9.843962692234932,,,milb_std
milb_tmp:rafhlmil_torres:2024,2024,MiLB,CIN,Rafhlmil Torres,,-4.555048178265126,,,milb_std
milb_tmp:yeiker_reyes:2024,2024,MiLB,COL,Yeiker Reyes,,-0.2408274449941242,,,milb_std
milb_tmp:alessander_de_la_cruz:2024,2024,MiLB,COL,Alessander De La Cruz,,14.810486404733224,,,milb_std
milb_tmp:jeremy_ciriaco:2024,2024,MiLB,COL,Jeremy Ciriaco,,10.276984438932235,,,milb_std
milb_tmp:anielson_buten:2024,2024,MiLB,CIN,Anielson Buten,,5.858278945467311,,,milb_std
milb_tmp:gustavo_marquez:2024,2024,MiLB,SDP,Gustavo Marquez,,5.19314821357053,,,milb_std
milb_tmp:wilian_trinidad:2024,2024,MiLB,TBR,Wilian Trinidad,,0.4428710238145441,,,milb_std
milb_tmp:sandro_pereira:2024,2024,MiLB,HOU,Sandro Pereira,,10.924604717384302,,,milb_std
milb_tmp:carlos_virahonda:2024,2024,MiLB,ARI,Carlos Virahonda,,-13.322685706448349,,,milb_std
milb_tmp:juan_sierra:2024,2024,MiLB,HOU,Juan Sierra,,8.15643430146696,,,milb_std
milb_tmp:kevin_hacen:2024,2024,MiLB,SDP,Kevin Hacen,,-6.321079043708502,,,milb_std
milb_tmp:juan_hernandez:2024,2024,MiLB,DET,Juan Hernandez,,-1.8438723539533537,,,milb_std
milb_tmp:railin_tea:2024,2024,MiLB,TBR,Railin Tea,,-2.507691810500525,,,milb_std
milb_tmp:abraham_nunez:2024,2024,MiLB,CHW,Abraham Nunez,,0.1919564043315615,,,milb_std
milb_tmp:yoiber_ocopio:2024,2024,MiLB,SDP,Yoiber Ocopio,,9.662944980961148,,,milb_std
milb_tmp:branny_de_oleo:2024,2024,MiLB,NYM,Branny De Oleo,,-7.858019763047668,,,milb_std
milb_tmp:fernando_roquez:2024,2024,MiLB,STL,Fernando Roquez,,-1.3788153651080428,,,milb_std
milb_tmp:vladi_gomez:2024,2024,MiLB,NYM,Vladi Gomez,,4.596585963451045,,,milb_std
milb_tmp:jose_mejia:2024,2024,MiLB,BAL,Jose Mejia,,7.635604744313655,,,milb_std
milb_tmp:alex_acosta:2024,2024,MiLB,NYM,Alex Acosta,,0.429137556667139,,,milb_std
milb_tmp:gabriel_lara:2024,2024,MiLB,NYY,Gabriel Lara,,-6.379543700967379,,,milb_std
milb_tmp:anyelo_marquez:2024,2024,MiLB,LAA,Anyelo Marquez,,9.38223335144569,,,milb_std
milb_tmp:felix_amparo:2024,2024,MiLB,BAL,Felix Amparo,,9.090581944629958,,,milb_std
milb_tmp:yaikel_mijares:2024,2024,MiLB,CLE,Yaikel Mijares,,-3.613430305068881,,,milb_std
milb_tmp:daniel_campos:2024,2024,MiLB,CHC,Daniel Campos,,1.9346486409340176,,,milb_std
milb_tmp:victor_rodriguez:2024,2024,MiLB,LAA,Victor Rodriguez,,-9.041950936244495,,,milb_std
milb_tmp:juan_flores:2024,2024,MiLB,LAA,Juan Flores,,-6.677138470594063,,,milb_std
milb_tmp:jose_pirela:2024,2024,MiLB,CLE,Jose Pirela,,-8.668389833046716,,,milb_std
milb_tmp:eliesbert_alejos:2024,2024,MiLB,ARI,Eliesbert Alejos,,3.728762164441743,,,milb_std
milb_tmp:albert_gutierrez:2024,2024,MiLB,CHC,Albert Gutierrez,,-9.266881343122296,,,milb_std
milb_tmp:raimundo_de_los_santos:2024,2024,MiLB,BOS,Raimundo De Los Santos,,-2.484308448814693,,,milb_std
milb_tmp:javier_herrera:2024,2024,MiLB,LAD,Javier Herrera,,17.862006532899603,,,milb_std
milb_tmp:omar_urbina:2024,2024,MiLB,BAL,Omar Urbina,,-3.2940482194944,,,milb_std
milb_tmp:roderick_flores:2024,2024,MiLB,MIL,Roderick Flores,,6.732258156934521,,,milb_std
milb_tmp:alfredo_rodriguez:2024,2024,MiLB,TBR,Alfredo Rodriguez,,-6.9930279249640845,,,milb_std
milb_tmp:luiyin_alastre:2024,2024,MiLB,MIL,Luiyin Alastre,,-6.698805686417303,,,milb_std
milb_tmp:yirer_garcia:2024,2024,MiLB,TBR,Yirer Garcia,,-0.9071100702513656,,,milb_std
milb_tmp:gabriel_terrero:2024,2024,MiLB,NYY,Gabriel Terrero,,3.1426331937888947,,,milb_std
milb_tmp:antonio_pimentel:2024,2024,MiLB,PIT,Antonio Pimentel,,-4.5727821602538485,,,milb_std
milb_tmp:kleiver_chauran:2024,2024,MiLB,TBR,Kleiver Chauran,,1.129561649021105,,,milb_std
milb_tmp:jose_monzon:2024,2024,MiLB,TBR,Jose Monzon,,0.3877191375259087,,,milb_std
milb_tmp:jose_tovar:2024,2024,MiLB,TBR,Jose Tovar,,4.518154120417233,,,milb_std
milb_tmp:alfonzo_martinez:2024,2024,MiLB,TBR,Alfonzo Martinez,,8.409058411508946,,,milb_std
milb_tmp:facundo_velasquez:2024,2024,MiLB,STL,Facundo Velasquez,,9.221772486439855,,,milb_std
milb_tmp:elian_soto:2024,2024,MiLB,WSN,Elian Soto,,-4.312525877850597,,,milb_std
milb_tmp:braylin_morel:2024,2024,MiLB,TEX,Braylin Morel,,11.948025657733965,,,milb_std
milb_tmp:victor_cardoza:2024,2024,MiLB,PHI,Victor Cardoza,,12.50832184594448,,,milb_std
milb_tmp:cristian_jauregui:2024,2024,MiLB,PIT,Cristian Jauregui,,6.105702878896613,,,milb_std
milb_tmp:deward_tovar:2024,2024,MiLB,TEX,Deward Tovar,,4.169104570639848,,,milb_std
milb_tmp:heriberto_rincon:2024,2024,MiLB,NYM,Heriberto Rincon,,-8.357165360101577,,,milb_std
milb_tmp:kleyver_salazar:2024,2024,MiLB,BOS,Kleyver Salazar,,-1.214605266921209,,,milb_std
milb_tmp:antony_gomez:2024,2024,MiLB,MIL,Antony Gomez,,-4.639645242923066,,,milb_std
milb_tmp:abraham_cohen:2024,2024,MiLB,BAL,Abraham Cohen,,2.4032958865268386,,,milb_std
milb_tmp:pedro_tovar:2024,2024,MiLB,MIL,Pedro Tovar,,2.231053381830832,,,milb_std
milb_tmp:keiver_garcia:2024,2024,MiLB,NYM,Keiver Garcia,,-0.086691235024775,,,milb_std
milb_tmp:adriander_mejia:2024,2024,MiLB,BAL,Adriander Mejia,,8.135441436220539,,,milb_std
milb_tmp:martin_tamara:2024,2024,MiLB,DET,Martin Tamara,,-5.328582371714544,,,milb_std
milb_tmp:eduarlin_tejeda:2024,2024,MiLB,SDP,Eduarlin Tejeda,,-5.739838461531903,,,milb_std
milb_tmp:yosneiker_rivas:2024,2024,MiLB,SFG,Yosneiker Rivas,,4.780916690374838,,,milb_std
milb_tmp:carlos_concepcion:2024,2024,MiLB,SFG,Carlos Concepcion,,1.0433544115788196,,,milb_std
milb_tmp:angel_guzman:2024,2024,MiLB,SFG,Angel Guzman,,20.500184664837377,,,milb_std
milb_tmp:jaeden_calderon:2024,2024,MiLB,PHI,Jaeden Calderon,,10.990919916456129,,,milb_std
milb_tmp:fabian_lopez:2024,2024,MiLB,MIA,Fabian Lopez,,-12.733112477015863,,,milb_std
milb_tmp:andru_arthur:2024,2024,MiLB,STL,Andru Arthur,,5.773980639328872,,,milb_std
milb_tmp:andres_valor:2024,2024,MiLB,MIA,Andres Valor,,5.861627737677443,,,milb_std
milb_tmp:jancory_de_la_cruz:2024,2024,MiLB,MIA,Jancory De La Cruz,,-0.8937350847236515,,,milb_std
milb_tmp:john_gil:2024,2024,MiLB,ATL,John Gil,,1.7629087938546668,,,milb_std
milb_tmp:joseph_tailor:2024,2024,MiLB,MIA,Joseph Tailor,,16.90213063073396,,,milb_std
milb_tmp:mario_baez:2024,2024,MiLB,ATL,Mario Baez,,-14.07534251652125,,,milb_std
milb_tmp:john_estevez:2024,2024,MiLB,ATL,John Estevez,,-0.4649224475489401,,,milb_std
milb_tmp:angel_herrera:2024,2024,MiLB,TEX,Angel Herrera,,0.7153906524572312,,,milb_std
milb_tmp:breyias_dean:2024,2024,MiLB,MIA,Breyias Dean,,5.371285388171084,,,milb_std
milb_tmp:daniel_lopez:2024,2024,MiLB,KCR,Daniel Lopez,,2.342632527597447,,,milb_std
milb_tmp:jorge_hernandez:2024,2024,MiLB,KCR,Jorge Hernandez,,-3.280190048744372,,,milb_std
milb_tmp:darvin_cruz:2024,2024,MiLB,KCR,Darvin Cruz,,-10.42216172891417,,,milb_std
milb_tmp:marcelo_alcala:2024,2024,MiLB,CHW,Marcelo Alcala,,4.353091102953009,,,milb_std
milb_tmp:michael_guzman:2024,2024,MiLB,TEX,Michael Guzman,,7.181104302063471,,,milb_std
milb_tmp:dauwin_gonzalez:2024,2024,MiLB,ARI,Dauwin Gonzalez,,-2.399721103511002,,,milb_std
milb_tmp:dashyll_tejeda:2024,2024,MiLB,WSN,Dashyll Tejeda,,10.042999289660186,,,milb_std
milb_tmp:yensi_reyes:2024,2024,MiLB,COL,Yensi Reyes,,10.62824567879164,,,milb_std
milb_tmp:aldalay_kolokie:2024,2024,MiLB,COL,Aldalay Kolokie,,9.96399673267844,,,milb_std
milb_tmp:jayson_bass:2024,2024,MiLB,MIN,Jayson Bass,,-0.7566302964293994,,,milb_std
milb_tmp:justin_ramirez:2024,2024,MiLB,NYM,Justin Ramirez,,-3.358955527844468,,,milb_std
milb_tmp:dario_reynoso:2024,2024,MiLB,SFG,Dario Reynoso,,-1.514875605520385,,,milb_std
milb_tmp:edgleen_perez:2024,2024,MiLB,NYY,Edgleen Perez,,11.440057588235188,,,milb_std
milb_tmp:aniel_mendoza:2024,2024,MiLB,TEX,Aniel Mendoza,,5.983491124171096,,,milb_std
milb_tmp:bryan_martinez:2024,2024,MiLB,LAA,Bryan Martinez,,4.608817540000879,,,milb_std
milb_tmp:daniel_rojas:2024,2024,MiLB,STL,Daniel Rojas,,-6.400653107599925,,,milb_std
milb_tmp:luis_martinez:2024,2024,MiLB,ARI,Luis Martinez,,6.15241235279117,,,milb_std
milb_tmp:jesus_alexander:2024,2024,MiLB,SFG,Jesus Alexander,,20.070820740502143,,,milb_std
milb_tmp:miguel_blanco:2024,2024,MiLB,SFG,Miguel Blanco,,3.027980223932201,,,milb_std
milb_tmp:ramon_ramirez:2024,2024,MiLB,KCR,Ramon Ramirez,,4.58384740806954,,,milb_std
milb_tmp:raynier_ramirez:2024,2024,MiLB,LAD,Raynier Ramirez,,3.088452207836158,,,milb_std
milb_tmp:williams_wong:2024,2024,MiLB,TEX,Williams Wong,,-3.2265240483427418,,,milb_std
milb_tmp:abel_lorenzo:2024,2024,MiLB,LAD,Abel Lorenzo,,-2.081099504489748,,,milb_std
milb_tmp:rainer_reyes:2024,2024,MiLB,NYM,Rainer Reyes,,5.771664188651512,,,milb_std
milb_tmp:jjam_alvarez:2024,2024,MiLB,COL,Jjam Alvarez,,3.4415584873231584,,,milb_std
milb_tmp:kelvin_alcantara:2024,2024,MiLB,SEA,Kelvin Alcantara,,2.969690351816983,,,milb_std
milb_tmp:jhorvic_abreus:2024,2024,MiLB,CLE,Jhorvic Abreus,,-0.5087159156142004,,,milb_std
milb_tmp:samil_dishmey:2024,2024,MiLB,LAA,Samil Dishmey,,0.861477617193352,,,milb_std
milb_tmp:franklin_arias:2024,2024,MiLB,BOS,Franklin Arias,,25.566504023750635,,,milb_std
milb_tmp:francisco_caldera:2024,2024,MiLB,HOU,Francisco Caldera,,-3.7304363136668433,,,milb_std
milb_tmp:javier_mogollon:2024,2024,MiLB,CHW,Javier Mogollon,,9.487598176297643,,,milb_std
milb_tmp:adrian_gil:2024,2024,MiLB,CHW,Adrian Gil,,3.176963375138414,,,milb_std
milb_tmp:brian_sanchez:2024,2024,MiLB,NYY,Brian Sanchez,,11.941882594555288,,,milb_std
milb_tmp:alfredo_alcantara:2024,2024,MiLB,CIN,Alfredo Alcantara,,-10.43170966880544,,,milb_std
milb_tmp:jose_gonzalez:2024,2024,MiLB,LAD,Jose Gonzalez,,10.072516243384213,,,milb_std
milb_tmp:dariel_ramon:2024,2024,MiLB,TOR,Dariel Ramon,,1.2719792779481125,,,milb_std
milb_tmp:alexey_lumpuy:2024,2024,MiLB,CHC,Alexey Lumpuy,,11.813733944603175,,,milb_std
milb_tmp:cristian_perez:2024,2024,MiLB,DET,Cristian Perez,,5.730867878617792,,,milb_std
milb_tmp:wilder_dalis:2024,2024,MiLB,COL,Wilder Dalis,,17.27899470802516,,,milb_std
milb_tmp:enyervert_perez:2024,2024,MiLB,ARI,Enyervert Perez,,12.555040850058216,,,milb_std
milb_tmp:hector_liriano:2024,2024,MiLB,WSN,Hector Liriano,,-1.2724394461331885,,,milb_std
milb_tmp:edwardo_espinal:2024,2024,MiLB,LAA,Edwardo Espinal,,-1.6430238398765935,,,milb_std
milb_tmp:chase_davis:2024,2024,MiLB,STL,Chase Davis,,11.097489357934514,,,milb_std
milb_tmp:jake_deleo:2024,2024,MiLB,MIA,Jake DeLeo,,-10.742013606144669,,,milb_std
milb_tmp:dakota_harris:2024,2024,MiLB,STL,Dakota Harris,,2.751985815548702,,,milb_std
milb_tmp:brock_rodden:2024,2024,MiLB,SEA,Brock Rodden,,9.59544999181526,,,milb_std
milb_tmp:brayden_jobert:2024,2024,MiLB,STL,Brayden Jobert,,-4.130599524951865,,,milb_std
milb_tmp:caleb_ketchup:2024,2024,MiLB,LAA,Caleb Ketchup,,-13.164098244324084,,,milb_std
milb_tmp:kade_kretzschmar:2024,2024,MiLB,STL,Kade Kretzschmar,,4.912032770260244,,,milb_std
milb_tmp:joe_redfield:2024,2024,MiLB,LAA,Joe Redfield,,-4.340651414646464,,,milb_std
milb_tmp:trey_paige:2024,2024,MiLB,STL,Trey Paige,,4.5079258973040925,,,milb_std
milb_tmp:jared_sundstrom:2024,2024,MiLB,SEA,Jared Sundstrom,,19.35128530882424,,,milb_std
milb_tmp:alcides_hernandez:2024,2024,MiLB,SDP,Alcides Hernandez,,4.67317383592235,,,milb_std
milb_tmp:homer_bush_jr.:2024,2024,MiLB,SDP,Homer Bush Jr.,,8.179543125384422,,,milb_std
milb_tmp:jay_beshears:2024,2024,MiLB,SDP,Jay Beshears,,-0.8509306557121832,,,milb_std
milb_tmp:yimy_tovar:2024,2024,MiLB,SDP,Yimy Tovar,,5.5476103558158485,,,milb_std
milb_tmp:charlie_pagliarini:2024,2024,MiLB,SEA,Charlie Pagliarini,,13.3446374138503,,,milb_std
milb_tmp:johnny_olmstead:2024,2024,MiLB,MIA,Johnny Olmstead,,6.654793360405086,,,milb_std
milb_tmp:drew_compton:2024,2024,MiLB,ATL,Drew Compton,,21.23974278029241,,,milb_std
milb_tmp:jordan_thompson:2024,2024,MiLB,LAD,Jordan Thompson,,5.926522245589613,,,milb_std
milb_tmp:jacob_gonzalez:2024,2024,MiLB,CHW,Jacob Gonzalez,,-4.427418535993645,,,milb_std
milb_tmp:brock_wilken:2024,2024,MiLB,MIL,Brock Wilken,,3.062539833821713,,,milb_std
milb_tmp:sabin_ceballos:2024,2024,MiLB,ATL,Sabin Ceballos,,12.495272241663876,,,milb_std
milb_tmp:eddie_park:2024,2024,MiLB,CHW,Eddie Park,,-3.06784837872744,,,milb_std
milb_tmp:jace_grady:2024,2024,MiLB,ATL,Jace Grady,,-0.1872295023328192,,,milb_std
milb_tmp:kade_kern:2024,2024,MiLB,ATL,Kade Kern,,-14.20341895404501,,,milb_std
milb_tmp:john_wimmer:2024,2024,MiLB,LAA,John Wimmer,,-5.983328286798954,,,milb_std
milb_tmp:will_verdung:2024,2024,MiLB,ATL,Will Verdung,,-2.7078021094793425,,,milb_std
milb_tmp:luke_mann:2024,2024,MiLB,OAK,Luke Mann,,5.016810670993443,,,milb_std
milb_tmp:will_simpson:2024,2024,MiLB,OAK,Will Simpson,,28.76132516730966,,,milb_std
milb_tmp:nate_nankil:2024,2024,MiLB,OAK,Nate Nankil,,23.613049391052503,,,milb_std
milb_tmp:mark_coley_ii:2024,2024,MiLB,MIA,Mark Coley II,,9.555765643980164,,,milb_std
milb_tmp:brock_vradenburg:2024,2024,MiLB,MIA,Brock Vradenburg,,-3.0287317342969,,,milb_std
milb_tmp:ryan_lasko:2024,2024,MiLB,OAK,Ryan Lasko,,-2.9362442770036155,,,milb_std
milb_tmp:jonah_cox:2024,2024,MiLB,SFG,Jonah Cox,,7.632646503539398,,,milb_std
milb_tmp:kevin_sim:2024,2024,MiLB,ARI,Kevin Sim,,-16.116217300001303,,,milb_std
milb_tmp:jack_hurley:2024,2024,MiLB,ARI,Jack Hurley,,-1.60105702055018,,,milb_std
milb_tmp:mitch_jebb:2024,2024,MiLB,PIT,Mitch Jebb,,2.331992375056098,,,milb_std
milb_tmp:max_anderson:2024,2024,MiLB,DET,Max Anderson,,0.9873470475515888,,,milb_std
milb_tmp:ryan_johnson:2024,2024,MiLB,HOU,Ryan Johnson,,-6.719311875673228,,,milb_std
milb_tmp:nehomar_ochoa_jr.:2024,2024,MiLB,HOU,Nehomar Ochoa Jr.,,1.6299026079520902,,,milb_std
milb_tmp:ryan_ignoffo:2024,2024,MiLB,MIA,Ryan Ignoffo,,20.537912011021053,,,milb_std
milb_tmp:trevor_werner:2024,2024,MiLB,KCR,Trevor Werner,,-9.602345724208702,,,milb_std
milb_tmp:cole_carrigg:2024,2024,MiLB,COL,Cole Carrigg,,22.14614634141529,,,milb_std
milb_tmp:bryson_ware:2024,2024,MiLB,PHI,Bryson Ware,,-0.0003098156229643,,,milb_std
milb_tmp:jake_gelof:2024,2024,MiLB,LAD,Jake Gelof,,-1.6490067152441463,,,milb_std
milb_tmp:rj_schreck:2024,2024,MiLB,SEA,RJ Schreck,,24.757939319804496,,,milb_std
milb_tmp:brett_bateman:2024,2024,MiLB,CHC,Brett Bateman,,8.199820713732171,,,milb_std
milb_tmp:avery_owusu-asiedu:2024,2024,MiLB,PHI,Avery Owusu-Asiedu,,-8.800594402417296,,,milb_std
milb_tmp:myles_naylor:2024,2024,MiLB,OAK,Myles Naylor,,-14.568835369171357,,,milb_std
milb_tmp:jay_harry:2024,2024,MiLB,MIN,Jay Harry,,-5.30524703066718,,,milb_std
milb_tmp:keaton_anthony:2024,2024,MiLB,PHI,Keaton Anthony,,27.202582507072663,,,milb_std
milb_tmp:aidan_miller:2024,2024,MiLB,PHI,Aidan Miller,,18.81826268336201,,,milb_std
milb_tmp:caleb_hobson:2024,2024,MiLB,COL,Caleb Hobson,,1.8789555328555971,,,milb_std
milb_tmp:aidan_smith:2024,2024,MiLB,SEA,Aidan Smith,,23.07137017385859,,,milb_std
milb_tmp:sammy_stafura:2024,2024,MiLB,CIN,Sammy Stafura,,15.196062537770809,,,milb_std
milb_tmp:brandon_winokur:2024,2024,MiLB,MIN,Brandon Winokur,,8.31785373467167,,,milb_std
milb_tmp:ethan_o'donnell:2024,2024,MiLB,CIN,Ethan O'Donnell,,12.011871356097476,,,milb_std
milb_tmp:arturo_disla:2024,2024,MiLB,TEX,Arturo Disla,,20.783061423157072,,,milb_std
milb_tmp:caleb_cali:2024,2024,MiLB,SEA,Caleb Cali,,18.701045504349487,,,milb_std
milb_tmp:carson_jones:2024,2024,MiLB,SEA,Carson Jones,,-1.1704971664568913,,,milb_std
milb_tmp:jace_bohrofen:2024,2024,MiLB,TOR,Jace Bohrofen,,15.422255675517247,,,milb_std
milb_tmp:quincy_scott:2024,2024,MiLB,TEX,Quincy Scott,,-8.050948169661002,,,milb_std
milb_tmp:kendall_george:2024,2024,MiLB,LAD,Kendall George,,1.196544379098767,,,milb_std
milb_tmp:andrew_pinckney:2024,2024,MiLB,WSN,Andrew Pinckney,,-1.23717370174437,,,milb_std
milb_tmp:braylen_wimmer:2024,2024,MiLB,COL,Braylen Wimmer,,9.853125952619548,,,milb_std
milb_tmp:marcus_brown:2024,2024,MiLB,WSN,Marcus Brown,,-19.698944780403263,,,milb_std
milb_tmp:garret_guillemette:2024,2024,MiLB,HOU,Garret Guillemette,,-5.848978515070079,,,milb_std
milb_tmp:brandon_pimentel:2024,2024,MiLB,WSN,Brandon Pimentel,,6.818337344398388,,,milb_std
milb_tmp:phillip_glasser:2024,2024,MiLB,WSN,Phillip Glasser,,20.85731553179809,,,milb_std
milb_tmp:max_clark:2024,2024,MiLB,DET,Max Clark,,17.33028993782317,,,milb_std
milb_tmp:nick_goodwin:2024,2024,MiLB,TOR,Nick Goodwin,,-15.673650460395928,,,milb_std
milb_tmp:justin_wishkoski:2024,2024,MiLB,SFG,Justin Wishkoski,,2.8306235132441318,,,milb_std
milb_tmp:jared_dickey:2024,2024,MiLB,OAK,Jared Dickey,,6.568750963721582,,,milb_std
milb_tmp:charlie_szykowny:2024,2024,MiLB,SFG,Charlie Szykowny,,11.277960084006848,,,milb_std
milb_tmp:yahil_melendez:2024,2024,MiLB,CHC,Yahil Melendez,,4.763264202075629,,,milb_std
milb_tmp:spencer_nivens:2024,2024,MiLB,KCR,Spencer Nivens,,17.391117413418662,,,milb_std
milb_tmp:scott_bandura:2024,2024,MiLB,SFG,Scott Bandura,,1.7893387608634097,,,milb_std
milb_tmp:quinn_mcdaniel:2024,2024,MiLB,SFG,Quinn McDaniel,,6.420107961583943,,,milb_std
milb_tmp:pascanel_ferreras:2024,2024,MiLB,HOU,Pascanel Ferreras,,-2.6785406679008306,,,milb_std
milb_tmp:jackson_hornung:2024,2024,MiLB,TOR,Jackson Hornung,,2.494388849260971,,,milb_std
milb_tmp:roc_riggio:2024,2024,MiLB,NYY,Roc Riggio,,9.833453707691762,,,milb_std
milb_tmp:dylan_campbell:2024,2024,MiLB,LAD,Dylan Campbell,,2.1744147396634745,,,milb_std
milb_tmp:poncho_ruiz:2024,2024,MiLB,MIN,Poncho Ruiz,,4.167516232285598,,,milb_std
milb_tmp:caden_connor:2024,2024,MiLB,CHW,Caden Connor,,20.489935375981823,,,milb_std
milb_tmp:blake_mitchell:2024,2024,MiLB,KCR,Blake Mitchell,,20.02071492988666,,,milb_std
milb_tmp:justin_johnson:2024,2024,MiLB,KCR,Justin Johnson,,2.593655933779957,,,milb_std
milb_tmp:ryan_galanie:2024,2024,MiLB,CHW,Ryan Galanie,,22.37643795956901,,,milb_std
milb_tmp:tavian_josenberger:2024,2024,MiLB,BAL,Tavian Josenberger,,7.206890763704374,,,milb_std
milb_tmp:dominic_pitelli:2024,2024,MiLB,CIN,Dominic Pitelli,,2.7560117093348517,,,milb_std
milb_tmp:austin_deming:2024,2024,MiLB,HOU,Austin Deming,,17.092446896354083,,,milb_std
milb_tmp:matthew_etzel:2024,2024,MiLB,BAL,Matthew Etzel,,12.78906707896923,,,milb_std
milb_tmp:george_wolkow:2024,2024,MiLB,CHW,George Wolkow,,15.236238912348815,,,milb_std
milb_tmp:sheng-en_lin:2024,2024,MiLB,CIN,Sheng-En Lin,,6.804205100630222,,,milb_std
milb_tmp:charles_mcadoo:2024,2024,MiLB,PIT,Charles McAdoo,,24.287040822003085,,,milb_std
milb_tmp:carson_roccaforte:2024,2024,MiLB,KCR,Carson Roccaforte,,-9.680356876509606,,,milb_std
milb_tmp:devin_saltiban:2024,2024,MiLB,PHI,Devin Saltiban,,11.472453823819514,,,milb_std
milb_tmp:dustin_dickerson:2024,2024,MiLB,KCR,Dustin Dickerson,,-3.399667180404126,,,milb_std
milb_tmp:coby_morales:2024,2024,MiLB,NYY,Coby Morales,,3.5401523043117447,,,milb_std
milb_tmp:dylan_jasso:2024,2024,MiLB,NYY,Dylan Jasso,,5.707304199754756,,,milb_std
milb_tmp:jonathon_long:2024,2024,MiLB,CHC,Jonathon Long,,26.682228255146224,,,milb_std
milb_tmp:josh_moylan:2024,2024,MiLB,NYY,Josh Moylan,,7.690030313125683,,,milb_std
milb_tmp:eric_bitonti:2024,2024,MiLB,MIL,Eric Bitonti,,25.064990496758167,,,milb_std
milb_tmp:cooper_pratt:2024,2024,MiLB,MIL,Cooper Pratt,,12.693716862784033,,,milb_std
milb_tmp:alfonsin_rosario:2024,2024,MiLB,CHC,Alfonsin Rosario,,14.586929895328472,,,milb_std
milb_tmp:mac_horvath:2024,2024,MiLB,TBR,Mac Horvath,,3.571986049646545,,,milb_std
milb_tmp:sam_shaw:2024,2024,MiLB,TOR,Sam Shaw,,-1.7757786819294896,,,milb_std
milb_tmp:adrian_santana:2024,2024,MiLB,TBR,Adrian Santana,,-9.48017208875242,,,milb_std
milb_tmp:jim_jarvis:2024,2024,MiLB,DET,Jim Jarvis,,-2.2923107686125714,,,milb_std
milb_tmp:arjun_nimmala:2024,2024,MiLB,TOR,Arjun Nimmala,,12.528140535128292,,,milb_std
milb_tmp:colton_ledbetter:2024,2024,MiLB,TBR,Colton Ledbetter,,16.372561700722613,,,milb_std
milb_tmp:enrique_bradfield_jr.:2024,2024,MiLB,BAL,Enrique Bradfield Jr.,,7.420514169976176,,,milb_std
milb_tmp:hunter_haas:2024,2024,MiLB,TBR,Hunter Haas,,-15.07393642772008,,,milb_std
milb_tmp:tre'_morgan:2024,2024,MiLB,TBR,Tre' Morgan,,30.672025517077213,,,milb_std
milb_tmp:brayden_taylor:2024,2024,MiLB,TBR,Brayden Taylor,,27.228613796375527,,,milb_std
milb_tmp:alberth_palma:2024,2024,MiLB,TBR,Alberth Palma,,-1.8639256280643075,,,milb_std
milb_tmp:david_smith:2024,2024,MiLB,DET,David Smith,,4.652720816426928,,,milb_std
milb_tmp:boston_baro:2024,2024,MiLB,NYM,Boston Baro,,8.675857703163063,,,milb_std
milb_tmp:a.j._ewing:2024,2024,MiLB,NYM,A.J. Ewing,,8.451805272176173,,,milb_std
milb_tmp:colin_houck:2024,2024,MiLB,NYM,Colin Houck,,-11.19991849324007,,,milb_std
milb_tmp:tai_peete:2024,2024,MiLB,SEA,Tai Peete,,0.3627001031898221,,,milb_std
milb_tmp:jake_zitella:2024,2024,MiLB,NYM,Jake Zitella,,0.6184288495156351,,,milb_std
milb_tmp:darling_fernandez:2024,2024,MiLB,OAK,Darling Fernandez,,4.313745464157309,,,milb_std
milb_tmp:ralphy_velazquez:2024,2024,MiLB,CLE,Ralphy Velazquez,,9.15380326314635,,,milb_std
milb_tmp:tommy_hawke:2024,2024,MiLB,CLE,Tommy Hawke,,9.635459134305547,,,milb_std
milb_tmp:jonah_advincula:2024,2024,MiLB,CLE,Jonah Advincula,,7.316312078513828,,,milb_std
milb_tmp:cooper_ingle:2024,2024,MiLB,CLE,Cooper Ingle,,29.00605232934168,,,milb_std
milb_tmp:alex_mooney:2024,2024,MiLB,CLE,Alex Mooney,,6.858344381907118,,,milb_std
milb_tmp:jackson_castillo:2024,2024,MiLB,NYY,Jackson Castillo,,17.491310353650913,,,milb_std
milb_tmp:ryan_wilson:2024,2024,MiLB,SDP,Ryan Wilson,,-7.280898409877563,,,milb_std
milb_tmp:antonio_anderson:2024,2024,MiLB,BOS,Antonio Anderson,,-9.869251988856554,,,milb_std
milb_tmp:george_lombard_jr.:2024,2024,MiLB,NYY,George Lombard Jr.,,-0.345696018667462,,,milb_std
milb_tmp:rikuu_nishida:2024,2024,MiLB,CHW,Rikuu Nishida,,25.858586022074576,,,milb_std
milb_tmp:jaron_elkins:2024,2024,MiLB,LAD,Jaron Elkins,,9.405622747108568,,,milb_std
milb_tmp:leo_de_vries:2024,2024,MiLB,SDP,Leo De Vries,,7.685742550565709,,,milb_std
milb_tmp:sam_brown:2024,2024,MiLB,LAA,Sam Brown,,-9.738226332690576,,,milb_std
milb_tmp:colby_shade:2024,2024,MiLB,MIA,Colby Shade,,11.300170653864608,,,milb_std
milb_tmp:julian_brock:2024,2024,MiLB,TEX,Julian Brock,,1.9962436215038384,,,milb_std
milb_tmp:christian_knapczyk:2024,2024,MiLB,CLE,Christian Knapczyk,,11.24861146364296,,,milb_std
milb_tmp:nelly_taylor:2024,2024,MiLB,BOS,Nelly Taylor,,7.197395145703717,,,milb_std
milb_tmp:cesar_hernandez:2024,2024,MiLB,HOU,Cesar Hernandez,,-5.541821127452406,,,milb_std
milb_tmp:payton_eeles:2024,2024,MiLB,MIN,Payton Eeles,,32.96587376601476,,,milb_std
milb_tmp:ichiro_cano:2024,2024,MiLB,CIN,Ichiro Cano,,7.441333451131431,,,milb_std
milb_tmp:adolfo_sanchez:2024,2024,MiLB,CIN,Adolfo Sanchez,,-0.732289014149881,,,milb_std
milb_tmp:pablo_nunez:2024,2024,MiLB,CIN,Pablo Nunez,,0.4901509033288208,,,milb_std
milb_tmp:naibel_mariano:2024,2024,MiLB,CIN,Naibel Mariano,,-8.162721254152407,,,milb_std
milb_tmp:franco_willias:2024,2024,MiLB,SFG,Franco Willias,,2.906144743123434,,,milb_std
milb_tmp:diover_de_aza:2024,2024,MiLB,NYM,Diover De Aza,,-6.329585317417089,,,milb_std
milb_tmp:justin_barry:2024,2024,MiLB,BOS,Justin Barry,,-4.219356865567251,,,milb_std
milb_tmp:paulino_santana:2024,2024,MiLB,TEX,Paulino Santana,,16.091310291423607,,,milb_std
milb_tmp:dawel_joseph:2024,2024,MiLB,SEA,Dawel Joseph,,-15.544755991410655,,,milb_std
milb_tmp:yovanny_rodriguez:2024,2024,MiLB,NYM,Yovanny Rodriguez,,0.3126782508076379,,,milb_std
milb_tmp:leonardo_pineda:2024,2024,MiLB,TBR,Leonardo Pineda,,2.6315664802148606,,,milb_std
milb_tmp:curley_martha:2024,2024,MiLB,TEX,Curley Martha,,9.48180686416116,,,milb_std
milb_tmp:luis_cova:2024,2024,MiLB,MIA,Luis Cova,,1.9704354524162029,,,milb_std
milb_tmp:vladimir_asencio:2024,2024,MiLB,BOS,Vladimir Asencio,,-9.316557309911154,,,milb_std
milb_tmp:bralyn_brazoban:2024,2024,MiLB,PIT,Bralyn Brazoban,,-13.700704446711894,,,milb_std
milb_tmp:yolfran_castillo:2024,2024,MiLB,TEX,Yolfran Castillo,,11.806634989505527,,,milb_std
milb_tmp:leandro_romero:2024,2024,MiLB,SEA,Leandro Romero,,-1.8946639044580016,,,milb_std
milb_tmp:bohan_adderley:2024,2024,MiLB,NYM,Bohan Adderley,,-1.697560897890257,,,milb_std
milb_tmp:rashawn_pinder:2024,2024,MiLB,TEX,Rashawn Pinder,,7.231718499262997,,,milb_std
milb_tmp:justin_capellan:2024,2024,MiLB,NYY,Justin Capellan,,1.0187441026966535,,,milb_std
milb_tmp:gregori_arias:2024,2024,MiLB,MIA,Gregori Arias,,7.067571663306151,,,milb_std
milb_tmp:jaset_martinez:2024,2024,MiLB,CIN,Jaset Martinez,,7.1643926423818645,,,milb_std
milb_tmp:yordani_martinez:2024,2024,MiLB,MIA,Yordani Martinez,,-5.569385540010596,,,milb_std
milb_tmp:carlos_matias:2024,2024,MiLB,TBR,Carlos Matias,,-1.742713066192709,,,milb_std
milb_tmp:dexters_peralta:2024,2024,MiLB,NYY,Dexters Peralta,,-5.229159166315786,,,milb_std
milb_tmp:franchely_silverio:2024,2024,MiLB,HOU,Franchely Silverio,,-9.630563620715586,,,milb_std
milb_tmp:richard_matic:2024,2024,MiLB,NYY,Richard Matic,,-6.759411090764648,,,milb_std
milb_tmp:jirvin_morillo:2024,2024,MiLB,CIN,Jirvin Morillo,,10.39950227263631,,,milb_std
milb_tmp:jose_castro:2024,2024,MiLB,MIA,Jose Castro,,-7.23103149864233,,,milb_std
milb_tmp:jhoan_peguero:2024,2024,MiLB,BOS,Jhoan Peguero,,-0.5816781612593319,,,milb_std
milb_tmp:justin_gonzales:2024,2024,MiLB,BOS,Justin Gonzales,,11.268133556938569,,,milb_std
milb_tmp:anderson_fermin:2024,2024,MiLB,BOS,Anderson Fermin,,4.774677858872868,,,milb_std
milb_tmp:edwin_brito:2024,2024,MiLB,BOS,Edwin Brito,,5.16898680453331,,,milb_std
milb_tmp:avinson_pinto:2024,2024,MiLB,BOS,Avinson Pinto,,6.109482551852356,,,milb_std
milb_tmp:tavano_baker:2024,2024,MiLB,BOS,Tavano Baker,,-5.024182962843592,,,milb_std
milb_tmp:givian_sirvania:2024,2024,MiLB,BOS,Givian Sirvania,,-0.0891657389506476,,,milb_std
milb_tmp:ilan_fernandez:2024,2024,MiLB,BOS,Ilan Fernandez,,3.007392942498948,,,milb_std
milb_tmp:moises_bolivar:2024,2024,MiLB,BOS,Moises Bolivar,,0.5734849227230705,,,milb_std
milb_tmp:omar_mejia:2024,2024,MiLB,KCR,Omar Mejia,,-3.728803685091533,,,milb_std
milb_tmp:deinys_gonzalez:2024,2024,MiLB,TBR,Deinys Gonzalez,,-1.7876367567310252,,,milb_std
milb_tmp:kendrick_herrera:2024,2024,MiLB,PIT,Kendrick Herrera,,3.07896107067147,,,milb_std
milb_tmp:manuel_de_cesare:2024,2024,MiLB,SEA,Manuel De Cesare,,-9.152634184016687,,,milb_std
milb_tmp:amauri_ramirez:2024,2024,MiLB,HOU,Amauri Ramirez,,-5.88673172852139,,,milb_std
milb_tmp:albert_jimenez:2024,2024,MiLB,SFG,Albert Jimenez,,0.1567755294507857,,,milb_std
milb_tmp:andres_torres:2024,2024,MiLB,TBR,Andres Torres,,-2.2572563645286152,,,milb_std
milb_tmp:sandy_luciano:2024,2024,MiLB,KCR,Sandy Luciano,,-1.6491201086634684,,,milb_std
milb_tmp:aaron_pinero:2024,2024,MiLB,TBR,Aaron Pinero,,-5.18739738056314,,,milb_std
milb_tmp:angel_brachi:2024,2024,MiLB,TBR,Angel Brachi,,-5.331023455161609,,,milb_std
milb_tmp:yojanser_calzado:2024,2024,MiLB,CIN,Yojanser Calzado,,-1.5305119346681342,,,milb_std
milb_tmp:esteban_romero:2024,2024,MiLB,HOU,Esteban Romero,,-2.4060711457987147,,,milb_std
milb_tmp:eduardo_ponce:2024,2024,MiLB,SEA,Eduardo Ponce,,2.661762448966823,,,milb_std
milb_tmp:diwarys_encarnacion:2024,2024,MiLB,MIA,Diwarys Encarnacion,,-7.216914562561298,,,milb_std
milb_tmp:alfredo_guanchez:2024,2024,MiLB,ARI,Alfredo Guanchez,,6.017849291440596,,,milb_std
milb_tmp:maylerson_casanova:2024,2024,MiLB,PHI,Maylerson Casanova,,-8.232079420233712,,,milb_std
milb_tmp:meylin_de_leon:2024,2024,MiLB,PHI,Meylin De Leon,,-2.429805281853067,,,milb_std
milb_tmp:jose_familia:2024,2024,MiLB,PHI,Jose Familia,,-5.409877227515466,,,milb_std
milb_tmp:cesar_mujica:2024,2024,MiLB,PHI,Cesar Mujica,,-9.611698656592978,,,milb_std
milb_tmp:anderson_navas:2024,2024,MiLB,PHI,Anderson Navas,,-14.443138811282187,,,milb_std
milb_tmp:josueth_quinonez:2024,2024,MiLB,PHI,Josueth Quinonez,,4.5440695983292745,,,milb_std
milb_tmp:daiber_de_los_santos:2024,2024,MiLB,MIN,Daiber De Los Santos,,8.131359189792219,,,milb_std
milb_tmp:emil_morales:2024,2024,MiLB,LAD,Emil Morales,,27.66521996875502,,,milb_std
milb_tmp:victor_hurtado:2024,2024,MiLB,WSN,Victor Hurtado,,-5.498436487253193,,,milb_std
milb_tmp:eduardo_herrera:2024,2024,MiLB,CHW,Eduardo Herrera,,-6.912133237921722,,,milb_std
milb_tmp:ashly_andujar:2024,2024,MiLB,COL,Ashly Andujar,,1.7344217132290696,,,milb_std
milb_tmp:belfi_rivera:2024,2024,MiLB,ARI,Belfi Rivera,,-12.69683397372053,,,milb_std
milb_tmp:angel_feliz:2024,2024,MiLB,WSN,Angel Feliz,,7.636598413833558,,,milb_std
milb_tmp:francisco_vilorio:2024,2024,MiLB,NYY,Francisco Vilorio,,-6.070291920774796,,,milb_std
milb_tmp:joswa_lugo:2024,2024,MiLB,LAA,Joswa Lugo,,6.955791476620119,,,milb_std
milb_tmp:angel_guzman:2024,2024,MiLB,TOR,Angel Guzman,,-1.492528402795023,,,milb_std
milb_tmp:adbiel_feliz:2024,2024,MiLB,PIT,Adbiel Feliz,,-9.021384885491026,,,milb_std
milb_tmp:jhonny_level:2024,2024,MiLB,SFG,Jhonny Level,,12.637239743701576,,,milb_std
milb_tmp:danny_cancro:2024,2024,MiLB,COL,Danny Cancro,,-0.3099783022968729,,,milb_std
milb_tmp:alfredo_benzan:2024,2024,MiLB,ARI,Alfredo Benzan,,-6.275247932032144,,,milb_std
milb_tmp:yensi_rivas:2024,2024,MiLB,NYM,Yensi Rivas,,-1.9300446052325584,,,milb_std
milb_tmp:hayden_alvarez:2024,2024,MiLB,LAA,Hayden Alvarez,,0.6314443633668235,,,milb_std
milb_tmp:jose_dickson:2024,2024,MiLB,DET,Jose Dickson,,5.470811713686889,,,milb_std
milb_tmp:kyle_sinzza:2024,2024,MiLB,ARI,Kyle Sinzza,,3.4863191069230206,,,milb_std
milb_tmp:christofer_reyes:2024,2024,MiLB,NYY,Christofer Reyes,,-2.853824451910113,,,milb_std
milb_tmp:brayan_amoroso:2024,2024,MiLB,STL,Brayan Amoroso,,-4.883421656313583,,,milb_std
milb_tmp:raily_liriano:2024,2024,MiLB,ARI,Raily Liriano,,-9.87429989393372,,,milb_std
milb_tmp:greylin_de_la_paz:2024,2024,MiLB,LAA,Greylin De La Paz,,-2.1560491131693875,,,milb_std
milb_tmp:eddy_marmolejos:2024,2024,MiLB,WSN,Eddy Marmolejos,,-1.6186505280710926,,,milb_std
milb_tmp:rafael_flores:2024,2024,MiLB,TOR,Rafael Flores,,5.708636707017053,,,milb_std
milb_tmp:roldy_brito:2024,2024,MiLB,COL,Roldy Brito,,-2.1147055794548346,,,milb_std
milb_tmp:feldi_tavarez:2024,2024,MiLB,WSN,Feldi Tavarez,,-2.524777846858161,,,milb_std
milb_tmp:queni_pineda:2024,2024,MiLB,NYY,Queni Pineda,,10.561191897615084,,,milb_std
milb_tmp:merphy_hernandez:2024,2024,MiLB,MIN,Merphy Hernandez,,5.77963701165097,,,milb_std
milb_tmp:anderson_tovar:2024,2024,MiLB,COL,Anderson Tovar,,-9.049037346060652,,,milb_std
milb_tmp:randy_soto:2024,2024,MiLB,TOR,Randy Soto,,13.810393449171544,,,milb_std
milb_tmp:samuel_estevez:2024,2024,MiLB,PHI,Samuel Estevez,,-6.084435844661097,,,milb_std
milb_tmp:yairo_padilla:2024,2024,MiLB,STL,Yairo Padilla,,4.8806893614165565,,,milb_std
milb_tmp:eriel_dihigo:2024,2024,MiLB,COL,Eriel Dihigo,,8.09635952523847,,,milb_std
milb_tmp:luis_de_la_cruz:2024,2024,MiLB,CLE,Luis De La Cruz,,-0.1392290274352795,,,milb_std
milb_tmp:yeiferth_castillo:2024,2024,MiLB,CLE,Yeiferth Castillo,,3.1450505074548274,,,milb_std
milb_tmp:vladi_guerrero:2024,2024,MiLB,NYM,Vladi Guerrero,,-6.179608933024678,,,milb_std
milb_tmp:edward_florentino:2024,2024,MiLB,PIT,Edward Florentino,,12.194896871571563,,,milb_std
milb_tmp:pedro_blanco:2024,2024,MiLB,ARI,Pedro Blanco,,2.2044592437926127,,,milb_std
milb_tmp:pascual_archila:2024,2024,MiLB,TOR,Pascual Archila,,4.538828251433946,,,milb_std
milb_tmp:juarlin_soto:2024,2024,MiLB,TOR,Juarlin Soto,,6.212085936241029,,,milb_std
milb_tmp:victor_leal:2024,2024,MiLB,MIN,Victor Leal,,-0.4305216863749887,,,milb_std
milb_tmp:daniel_flames:2024,2024,MiLB,TEX,Daniel Flames,,25.354336538845946,,,milb_std
milb_tmp:jesus_premoli:2024,2024,MiLB,CHW,Jesus Premoli,,-8.90893030367627,,,milb_std
milb_tmp:jose_marcano:2024,2024,MiLB,TEX,Jose Marcano,,3.04057308077596,,,milb_std
milb_tmp:juan_colorado:2024,2024,MiLB,SFG,Juan Colorado,,-5.067069261347366,,,milb_std
milb_tmp:luis_fragoza:2024,2024,MiLB,MIN,Luis Fragoza,,7.0999477529586255,,,milb_std
milb_tmp:andry_batista:2024,2024,MiLB,TEX,Andry Batista,,8.353765086198571,,,milb_std
milb_tmp:evan_estevez:2024,2024,MiLB,SFG,Evan Estevez,,2.0755420864103766,,,milb_std
milb_tmp:manni_ramirez:2024,2024,MiLB,TEX,Manni Ramirez,,-5.987130886399853,,,milb_std
milb_tmp:anthony_marquez:2024,2024,MiLB,SFG,Anthony Marquez,,4.520364803647188,,,milb_std
milb_tmp:jurdrick_profar:2024,2024,MiLB,CHW,Jurdrick Profar,,6.003449625523939,,,milb_std
milb_tmp:cristian_arguelles:2024,2024,MiLB,COL,Cristian Arguelles,,-3.549965950438978,,,milb_std
milb_tmp:estivel_morillo:2024,2024,MiLB,CLE,Estivel Morillo,,2.552358649178397,,,milb_std
milb_tmp:reyli_mariano:2024,2024,MiLB,LAD,Reyli Mariano,,5.774182489347701,,,milb_std
milb_tmp:oliver_tejada:2024,2024,MiLB,SFG,Oliver Tejada,,11.724538574254598,,,milb_std
milb_tmp:jesus_pinto:2024,2024,MiLB,DET,Jesus Pinto,,8.814778197088247,,,milb_std
milb_tmp:javier_sanchez:2024,2024,MiLB,TEX,Javier Sanchez,,10.2478295463129,,,milb_std
milb_tmp:johmphy_de_la_cruz:2024,2024,MiLB,TEX,Johmphy De La Cruz,,-8.547538227674806,,,milb_std
milb_tmp:herlinton_herrera:2024,2024,MiLB,COL,Herlinton Herrera,,1.5404810951224688,,,milb_std
milb_tmp:christian_gonzalez:2024,2024,MiLB,CHW,Christian Gonzalez,,1.5154031255366156,,,milb_std
milb_tmp:jehancarlos_mendez:2024,2024,MiLB,CHW,Jehancarlos Mendez,,-6.5726147060593485,,,milb_std
milb_tmp:adrian_garcia:2024,2024,MiLB,PHI,Adrian Garcia,,-3.2322106233858143,,,milb_std
milb_tmp:rainiel_rodriguez:2024,2024,MiLB,STL,Rainiel Rodriguez,,23.041786141452448,,,milb_std
milb_tmp:yorman_licourt:2024,2024,MiLB,TOR,Yorman Licourt,,4.966977986924627,,,milb_std
milb_tmp:jorge_quintana:2024,2024,MiLB,MIL,Jorge Quintana,,1.9121578580274363,,,milb_std
milb_tmp:jesus_made:2024,2024,MiLB,MIL,Jesus Made,,21.853695720214606,,,milb_std
milb_tmp:edgar_montero:2024,2024,MiLB,OAK,Edgar Montero,,6.154780042184868,,,milb_std
milb_tmp:emilio_sanchez:2024,2024,MiLB,BAL,Emilio Sanchez,,3.5051599236158864,,,milb_std
milb_tmp:jose_ramos:2024,2024,MiLB,OAK,Jose Ramos,,-11.39456114916866,,,milb_std
milb_tmp:jordan_sanchez:2024,2024,MiLB,BAL,Jordan Sanchez,,14.851660106769396,,,milb_std
milb_tmp:israfell_bautista:2024,2024,MiLB,TBR,Israfell Bautista,,-3.216193796965617,,,milb_std
milb_tmp:domingo_batista:2024,2024,MiLB,TBR,Domingo Batista,,8.13296674033687,,,milb_std
milb_tmp:frederi_montero:2024,2024,MiLB,MIL,Frederi Montero,,-2.602156530639298,,,milb_std
milb_tmp:engel_paulino:2024,2024,MiLB,MIL,Engel Paulino,,0.6961426897145255,,,milb_std
milb_tmp:juan_martinez:2024,2024,MiLB,MIL,Juan Martinez,,-1.307974325069202,,,milb_std
milb_tmp:moises_polanco:2024,2024,MiLB,MIL,Moises Polanco,,6.14752122021427,,,milb_std
milb_tmp:jose_anderson:2024,2024,MiLB,MIL,Jose Anderson,,12.625584619458554,,,milb_std
milb_tmp:luis_pena:2024,2024,MiLB,MIL,Luis Pena,,20.115775216271647,,,milb_std
milb_tmp:jose_camacho:2024,2024,MiLB,LAA,Jose Camacho,,9.39454561046754,,,milb_std
milb_tmp:eduardo_rojas:2024,2024,MiLB,LAD,Eduardo Rojas,,2.8914680601873037,,,milb_std
milb_tmp:yojackson_laya:2024,2024,MiLB,LAD,Yojackson Laya,,7.103958225714872,,,milb_std
milb_tmp:hector_campusano:2024,2024,MiLB,BAL,Hector Campusano,,2.9419229254498074,,,milb_std
milb_tmp:leandro_morgado:2024,2024,MiLB,HOU,Leandro Morgado,,-10.60167270101988,,,milb_std
milb_tmp:hector_salas:2024,2024,MiLB,HOU,Hector Salas,,5.753121329706994,,,milb_std
milb_tmp:santiago_prado:2024,2024,MiLB,PHI,Santiago Prado,,-9.145321386266533,,,milb_std
milb_tmp:haniel_german:2024,2024,MiLB,NYM,Haniel German,,0.4924933225081956,,,milb_std
milb_tmp:yunior_quezada:2024,2024,MiLB,LAD,Yunior Quezada,,2.1402163143585318,,,milb_std
milb_tmp:robert_arias:2024,2024,MiLB,CLE,Robert Arias,,0.5643549541475199,,,milb_std
milb_tmp:yandel_ricardo:2024,2024,MiLB,KCR,Yandel Ricardo,,-2.6645959939081725,,,milb_std
milb_tmp:fabian_alcantara:2024,2024,MiLB,SDP,Fabian Alcantara,,-2.637745433636017,,,milb_std
milb_tmp:jesmaylin_arias:2024,2024,MiLB,SDP,Jesmaylin Arias,,-1.893965801951194,,,milb_std
milb_tmp:juan_espinal:2024,2024,MiLB,ATL,Juan Espinal,,-5.124880854196823,,,milb_std
milb_tmp:cesar_lugo:2024,2024,MiLB,CHC,Cesar Lugo,,7.140070066514335,,,milb_std
milb_tmp:dauri_fernandez:2024,2024,MiLB,CLE,Dauri Fernandez,,3.552753792918044,,,milb_std
milb_tmp:juneiker_caceres:2024,2024,MiLB,CLE,Juneiker Caceres,,11.115675028700094,,,milb_std
milb_tmp:juan_ortuno:2024,2024,MiLB,MIL,Juan Ortuno,,16.443226610878618,,,milb_std
milb_tmp:robin_ortiz:2024,2024,MiLB,CHC,Robin Ortiz,,4.327932467335611,,,milb_std
milb_tmp:christopher_alvarado:2024,2024,MiLB,BOS,Christopher Alvarado,,-0.9852643599546445,,,milb_std
milb_tmp:deuri_castillo:2024,2024,MiLB,SEA,Deuri Castillo,,-1.0747529719145623,,,milb_std
milb_tmp:edgardo_de_leon:2024,2024,MiLB,CHC,Edgardo De Leon,,10.655952534404353,,,milb_std
milb_tmp:juan_mateo:2024,2024,MiLB,ATL,Juan Mateo,,-2.005862271050738,,,milb_std
milb_tmp:yorvin_morla:2024,2024,MiLB,SDP,Yorvin Morla,,1.932278363805882,,,milb_std
milb_tmp:claudiel_lantigua:2024,2024,MiLB,TEX,Claudiel Lantigua,,-0.1398956080593078,,,milb_std
milb_tmp:jemone_nuel:2024,2024,MiLB,BAL,Jemone Nuel,,1.745032019142221,,,milb_std
milb_tmp:randy_martinez:2024,2024,MiLB,CLE,Randy Martinez,,-9.64048849948561,,,milb_std
milb_tmp:darison_garcia:2024,2024,MiLB,KCR,Darison Garcia,,-1.7847408799427589,,,milb_std
milb_tmp:kevin_robledo:2024,2024,MiLB,MIA,Kevin Robledo,,10.39176598868736,,,milb_std
milb_tmp:jhonayker_ugarte:2024,2024,MiLB,KCR,Jhonayker Ugarte,,8.06129971355773,,,milb_std
milb_tmp:johan_rodriguez:2024,2024,MiLB,CLE,Johan Rodriguez,,0.7779174297388914,,,milb_std
milb_tmp:ronald_ramirez:2024,2024,MiLB,DET,Ronald Ramirez,,11.534512595646568,,,milb_std
milb_tmp:jose_cerice:2024,2024,MiLB,KCR,Jose Cerice,,4.897218670736424,,,milb_std
milb_tmp:edward_lantigua:2024,2024,MiLB,NYM,Edward Lantigua,,6.014985209172086,,,milb_std
milb_tmp:dariel_garcia:2024,2024,MiLB,COL,Dariel Garcia,,-1.814491308782336,,,milb_std
milb_tmp:stiven_martinez:2024,2024,MiLB,BAL,Stiven Martinez,,9.056028820108375,,,milb_std
milb_tmp:gabriel_cesa:2024,2024,MiLB,ATL,Gabriel Cesa,,-11.606807188089938,,,milb_std
milb_tmp:gabriel_rodriguez:2024,2024,MiLB,CLE,Gabriel Rodriguez,,14.906011948791775,,,milb_std
milb_tmp:guillermo_batista:2024,2024,MiLB,DET,Guillermo Batista,,1.4642659529163982,,,milb_std
milb_tmp:michael_martinez:2024,2024,MiLB,ATL,Michael Martinez,,-1.9965798639921408,,,milb_std
milb_tmp:carlos_renzullo:2024,2024,MiLB,COL,Carlos Renzullo,,16.885420135110948,,,milb_std
milb_tmp:eduardo_beltre:2024,2024,MiLB,MIN,Eduardo Beltre,,20.418674465207985,,,milb_std
milb_tmp:eduardo_acevedo:2024,2024,MiLB,TBR,Eduardo Acevedo,,-2.060124547288915,,,milb_std
milb_tmp:christian_saez:2024,2024,MiLB,STL,Christian Saez,,-6.185872419859302,,,milb_std
milb_tmp:cole_conn:2024,2024,MiLB,OAK,Cole Conn,,3.844433741940133,,,milb_std
milb_tmp:ray-patrick_didder:2024,2024,MiLB,SDP,Ray-Patrick Didder,,-9.3024800717839,,,milb_std
milb_tmp:robbie_tenerowicz:2024,2024,MiLB,SEA,Robbie Tenerowicz,,6.558766378927539,,,milb_std
milb_tmp:bryson_brigman:2024,2024,MiLB,ARI,Bryson Brigman,,9.734949149760377,,,milb_std
milb_tmp:bryan_torres:2024,2024,MiLB,STL,Bryan Torres,,25.59632555286338,,,milb_std
milb_tmp:jesus_bastidas:2024,2024,MiLB,HOU,Jesus Bastidas,,-5.131563628669721,,,milb_std
